DATE,TIME ,RIVER LEVEL,R/W FLOW,R/W NTU,R/W CLR,R/W PH,FILT. NTU,C/W WELL LEVEL,NTU,ALUM
2026-01-01,100,7.51,49.3,100,150.0,7,0.1,3.84,0.18,0.06
2026-01-01,300,7.44,49.4,124,302.0,7,0.1,3.84,0.18,0.06
2026-01-01,500,7.58,49.5,136,324.0,7,0.11,3.84,0.18,0.06
2026-01-01,700,6.92,49.6,132,391.0,7,0.11,3.83,0.19,0.06
2026-01-01,900,7.0,49.6,132,391.0,7,0.11,3.83,0.19,0.06
2026-01-01,1100,7.09,49.5,130,391.0,7,0.1,3.6,0.19,0.06
2026-01-01,1300,7.1,49.3,130,391.0,7,0.07,3.75,0.19,0.06
2026-01-01,1500,7.3,49.6,125,370.0,7,0.07,3.83,0.19,0.06
2026-01-01,1700,7.4,49.3,131,391.0,7,0.07,3.83,0.17,0.06
2026-01-01,1900,7.51,49.2,121,341.0,7,0.08,3.84,0.17,0.06
2026-01-01,2100,7.56,49.2,120,321.0,7,0.08,3.84,0.17,0.06
2026-01-01,2300,7.59,49.2,117,272.0,7,0.08,3.84,0.17,0.06
2026-01-02,100,6.69,49.3,107,202.0,7,0.09,3.7,0.18,0.06
2026-01-02,300,6.57,49.3,102,201.0,7,0.09,3.7,0.17,0.06
2026-01-02,500,6.42,49.3,99,197.0,7,0.09,3.6,0.17,0.06
2026-01-02,700,7.32,49.5,142,428.0,7,0.11,3.82,0.18,0.06
2026-01-02,900,7.25,49,142,428.0,7,0.11,3.83,0.18,0.06
2026-01-02,1100,7.21,49.1,145,435.0,7,0.11,3.81,0.2,0.06
2026-01-02,1300,7.1,49.1,136,430.0,7,0.11,3.82,0.19,0.06
2026-01-02,1500,7.08,49.5,136,430.0,7,0.11,3.82,0.2,0.06
2026-01-02,1700,6.99,49.6,119,160.0,7,0.09,3.63,0.21,0.06
2026-01-02,1900,6.79,49.5,121,347.0,7,0.08,3.64,0.22,0.06
2026-01-02,2100,6.75,49.5,114,249.0,7,0.09,3.7,0.19,0.06
2026-01-02,2300,6.73,49.5,110,209.0,7,0.09,3.47,0.19,0.06
2026-01-03,100,6.02,49.8,79,475.0,7,0.08,3.83,0.17,0.06
2026-01-03,300,6.41,50.1,93,580.0,7,0.06,3.83,0.16,0.06
2026-01-03,500,6.66,50.2,132,680.0,7,0.06,3.83,0.16,0.06
2026-01-03,700,6.33,49.3,97,190.0,7,0.04,3.64,0.17,0.06
2026-01-03,900,6.3,49.3,101,219.0,7,0.04,3.78,0.17,0.06
2026-01-03,1100,6.22,49.1,93,200.0,7,0.04,3.8,0.17,0.06
2026-01-03,1300,6.14,49.3,94,211.0,7,0.04,3.83,0.18,0.06
2026-01-03,1500,6.06,50.1,79,480.0,7,0.04,3.83,0.18,0.06
2026-01-03,1700,5.99,50,66,468.0,7,0.04,3.83,0.17,0.06
2026-01-03,1900,5.94,50,69,470.0,7,0.04,3.83,0.17,0.06
2026-01-03,2100,5.94,50.1,70,470.0,7,0.04,3.83,0.17,0.06
2026-01-03,2300,5.98,49.8,79,475.0,7,0.05,3.83,0.17,0.06
2026-01-04,100,7.25,51.3,80,500.0,7,0.06,3.84,0.17,0.06
2026-01-04,300,7.12,51,78,475.0,7,0.08,3.84,0.17,0.06
2026-01-04,500,6.94,51,78,475.0,7,0.08,3.84,0.17,0.06
2026-01-04,700,6.93,51.1,159,720.0,7,0.06,3.83,0.16,0.06
2026-01-04,900,7.18,51.3,199,1015.0,7,0.05,3.78,0.17,0.06
2026-01-04,1100,7.4,51.5,167,997.0,7,0.05,3.81,0.16,0.06
2026-01-04,1300,7.47,51.2,138,663.0,7,0.05,3.84,0.17,0.06
2026-01-04,1500,7.49,51,118,610.0,7,0.05,3.84,0.17,0.06
2026-01-04,1700,7.44,51.4,88,594.0,7,0.05,3.84,0.17,0.06
2026-01-04,1900,7.39,51,82,554.0,7,0.05,3.84,0.17,0.08
2026-01-04,2100,7.31,51,85,550.0,7,0.05,3.84,0.17,0.08
2026-01-04,2300,7.35,51.5,85,550.0,7,0.06,3.84,0.17,0.06
2026-01-05,100,5.71,50.5,64,411.0,7,0.05,3.84,0.17,0.06
2026-01-05,300,5.68,50.4,64,411.0,7,0.05,3.84,0.17,0.06
2026-01-05,500,5.63,50.4,62,404.0,7,0.05,3.56,0.17,0.06
2026-01-05,700,6.9,51.3,78,478.0,7,0.08,3.84,0.17,0.06
2026-01-05,900,6.84,51,77,460.0,7,0.08,3.84,0.18,0.06
2026-01-05,1100,6.86,51.2,71,436.0,7,0.06,3.83,0.17,0.06
2026-01-05,1300,6.83,51.4,71,436.0,7,0.06,3.83,0.17,0.06
2026-01-05,1500,6.14,49.5,69,447.0,7,0.06,3.82,0.17,0.06
2026-01-05,1700,5.97,48.9,68,441.0,7,0.07,3.82,0.17,0.06
2026-01-05,1900,5.8,49.6,68,441.0,7,0.06,3.82,0.17,0.06
2026-01-05,2100,5.73,50.7,68,441.0,7,0.07,3.83,0.17,0.06
2026-01-05,2300,5.76,50.5,65,425.0,7,0.07,3.84,0.17,0.06
2026-01-06,100,5.25,50.5,85,502.0,7,0.04,3.84,0.18,0.06
2026-01-06,300,5.25,50.5,77,460.0,7,0.04,3.84,0.18,0.06
2026-01-06,500,5.12,50.5,70,448.0,7,0.04,3.84,0.17,0.06
2026-01-06,700,5.64,50.5,64,410.0,7,0.05,3.7,0.17,0.06
2026-01-06,900,5.55,50.2,63,406.0,7,0.04,3.83,0.16,0.06
2026-01-06,1100,5.85,50.4,63,406.0,7,0.04,3.84,0.16,0.06
2026-01-06,1300,5.88,50.4,60,384.0,7,0.04,3.84,0.16,0.06
2026-01-06,1500,5.26,51.3,116,875.0,7,0.05,3.84,0.17,0.06
2026-01-06,1700,5.65,50.9,119,890.0,7,0.05,3.84,0.17,0.06
2026-01-06,1900,5.39,51.3,159,936.0,7,0.04,3.83,0.18,0.06
2026-01-06,2100,5.31,50.8,95,530.0,7,0.04,3.8,0.18,0.06
2026-01-06,2300,5.27,50.5,89,514.0,7,0.04,3.8,0.18,0.06
2026-01-07,100,4.88,50.2,96,588.0,7,0.09,3.38,0.19,0.06
2026-01-07,300,4.82,49.4,94,576.0,7,0.07,3.38,0.19,0.06
2026-01-07,500,4.94,50.3,103,962.0,7,0.1,3.38,0.17,0.06
2026-01-07,700,5.1,50.3,70,448.0,7,0.06,3.84,0.17,0.06
2026-01-07,900,4.47,50.1,69,436.0,7,0.06,3.84,0.17,0.06
2026-01-07,1100,4.42,50.5,64,410.0,7,0.06,3.84,0.17,0.06
2026-01-07,1300,4.42,50.3,64,410.0,7,0.05,3.83,0.17,0.06
2026-01-07,1500,4.91,50.1,100,647.0,7,0.06,3.73,0.2,0.06
2026-01-07,1700,4.71,49.6,110,725.0,7,0.06,3.83,0.18,0.06
2026-01-07,1900,4.65,49.2,119,687.5,7,0.06,3.82,0.17,0.06
2026-01-07,2100,4.62,49.2,102,650.0,7,0.05,3.75,0.18,0.06
2026-01-07,2300,4.59,49.1,96,588.0,7,0.07,3.41,0.18,0.06
2026-01-08,100,8.07,49.8,40,324.0,7,0.07,3.82,0.24,0.06
2026-01-08,300,8.21,50.5,35,301.0,7,0.07,3.82,0.24,0.06
2026-01-08,500,8.46,50.9,31,282.0,7,0.07,3.46,0.24,0.06
2026-01-08,700,5.14,49.6,101,957.0,7,0.09,3.59,0.17,0.06
2026-01-08,900,6.73,48.7,106,983.0,7,0.1,3.67,0.18,0.06
2026-01-08,1100,7.52,49.9,102,962.0,7,0.1,3.73,0.19,0.06
2026-01-08,1300,7.82,51.2,92,774.0,7,0.1,3.82,0.2,0.06
2026-01-08,1500,7.85,51,66,450.0,7,0.1,3.82,0.2,0.06
2026-01-08,1700,7.95,49.9,52,435.0,7,0.14,3.83,0.22,0.06
2026-01-08,1900,7.96,49.6,53,437.0,7,0.07,3.8,0.21,0.06
2026-01-08,2100,7.97,49.5,46,380.0,7,0.09,3.82,0.21,0.06
2026-01-08,2300,7.96,49.8,43,350.0,7,0.11,3.82,0.21,0.06
2026-01-09,100,9.6,51.4,151,822.0,7,0.96,3.84,0.74,0.06
2026-01-09,300,9.7,51.5,142,814.0,7,0.42,3.84,0.25,0.06
2026-01-09,500,9.77,51.3,138,807.0,7,0.05,3.84,0.25,0.06
2026-01-09,700,8.75,50.9,37,310.0,7,0.06,3.53,0.25,0.06
2026-01-09,900,8.8,51,80,500.0,7,0.06,3.58,0.22,0.06
2026-01-09,1100,9.01,51,119,761.0,7,0.06,3.67,0.24,0.06
2026-01-09,1300,9.1,51.2,134,876.0,7,0.06,3.7,0.24,0.06
2026-01-09,1500,9.16,50.6,134,876.0,7,0.08,3.81,0.23,0.06
2026-01-09,1700,9.32,50.8,131,864.0,7,0.38,3.82,0.32,0.06
2026-01-09,1900,9.38,51.2,144,892.0,7,0.37,3.84,0.41,0.06
2026-01-09,2100,9.44,51.4,222,1035.0,7,0.96,3.84,0.46,0.06
2026-01-09,2300,9.49,51.5,180,997.0,7,2.42,3.84,0.65,0.06
2026-01-10,100,10.39,50.2,60,414.0,7,0.2,3.54,1.0,0.06
2026-01-10,300,10.36,50.2,57,392.0,7,0.2,3.54,0.98,0.06
2026-01-10,500,10.32,50,54,384.0,7,0.2,3.54,0.38,0.06
2026-01-10,700,9.86,51.3,134,742.0,7,0.05,3.84,0.25,0.06
2026-01-10,900,9.94,50.2,133,732.0,7,0.05,3.84,0.28,0.06
2026-01-10,1100,10.07,50.4,113,704.0,7,0.05,3.8,0.28,0.06
2026-01-10,1300,10.15,50.6,101,629.0,7,0.3,3.83,0.25,0.06
2026-01-10,1500,10.24,50.2,93,594.0,7,0.79,3.83,0.32,0.06
2026-01-10,1700,10.35,50.6,81,543.0,7,2.78,3.81,1.28,0.06
2026-01-10,1900,10.38,50.7,74,521.0,7,3.19,3.58,1.8,0.06
2026-01-10,2100,10.4,50.5,70,489.0,7,0.49,3.73,2.15,0.06
2026-01-10,2300,10.41,50.5,67,425.0,7,0.3,3.53,1.69,0.06
2026-01-11,100,9.9,49.7,32,216.0,7,0.12,3.61,0.24,0.06
2026-01-11,300,9.83,49.5,20,201.0,7,0.14,3.65,0.24,0.06
2026-01-11,500,9.77,49.4,27,192.0,7,0.14,3.71,0.24,0.06
2026-01-11,700,10.27,49.5,53,369.0,7,0.12,3.58,0.38,0.06
2026-01-11,900,10.26,50.2,52,351.0,7,0.17,3.68,0.37,0.06
2026-01-11,1100,10.2,50,47,357.0,7,0.16,3.68,0.38,0.06
2026-01-11,1300,10.15,50,44,307.0,7,0.19,3.74,0.36,0.06
2026-01-11,1500,10.1,50,42,300.0,7,0.16,3.81,0.36,0.06
2026-01-11,1700,10.07,50,42,300.0,7,0.18,3.81,0.35,0.06
2026-01-11,1900,10.0,50.1,52,351.0,7,0.09,3.65,0.43,0.06
2026-01-11,2100,9.98,50.1,36,247.0,7,0.11,3.48,0.21,0.06
2026-01-11,2300,9.96,50,35,221.0,7,0.11,3.58,0.25,0.06
2026-01-12,100,9.26,49.4,17,146.0,7,0.14,3.71,0.27,0.06
2026-01-12,300,9.3,49.5,16,140.0,7,0.13,3.82,0.28,0.06
2026-01-12,500,9.31,49.7,16,140.0,7,0.13,3.83,0.28,0.06
2026-01-12,700,9.75,48.7,25,190.0,7,0.14,3.76,0.24,0.06
2026-01-12,900,9.71,48.7,21,179.0,7,0.3,3.79,0.24,0.06
2026-01-12,1100,9.66,48.1,20,175.0,7,0.17,3.81,0.29,0.06
2026-01-12,1300,9.63,48.2,19,172.0,7,0.18,3.81,0.29,0.06
2026-01-12,1500,9.6,48.1,19,172.0,7,0.17,3.81,0.29,0.06
2026-01-12,1700,9.53,48.5,18,161.0,7,0.18,3.81,0.29,0.06
2026-01-12,1900,9.48,49.5,17,151.0,7,0.17,3.81,0.3,0.06
2026-01-12,2100,9.46,49.5,17,146.0,7,0.17,3.56,0.36,0.06
2026-01-12,2300,9.4,49.4,19,172.0,7,0.13,3.63,0.31,0.06
2026-01-13,100,8.5,49.1,14,140.0,7,0.1,3.8,0.27,0.05
2026-01-13,300,8.48,49,13,136.0,7,0.09,3.82,0.28,0.05
2026-01-13,500,8.49,49.3,13,136.0,7,0.09,3.83,0.28,0.05
2026-01-13,700,9.13,49,18,180.0,7,0.18,3.83,0.24,0.06
2026-01-13,900,9.06,49,15,150.0,7,0.24,3.62,0.24,0.06
2026-01-13,1100,8.98,47.4,14,140.0,7,0.08,3.65,0.29,0.06
2026-01-13,1300,8.88,49,14,140.0,7,0.08,3.64,0.29,0.06
2026-01-13,1500,8.85,49.1,15,140.0,7,0.09,3.65,0.29,0.06
2026-01-13,1700,8.7,49.8,15,180.0,7,0.09,3.75,0.29,0.05
2026-01-13,1900,8.62,49.2,14,140.0,7,0.09,3.75,0.3,0.05
2026-01-13,2100,8.54,49,15,180.0,7,0.09,3.75,0.36,0.05
2026-01-13,2300,8.52,49.1,14,140.0,7,0.12,3.74,0.31,0.05
2026-01-14,100,6.6,51.4,17,170.0,7,0.68,3.56,0.63,0.05
2026-01-14,300,6.54,51.1,15,152.0,7,0.43,3.69,0.48,0.05
2026-01-14,500,6.45,51.5,14,130.0,7,0.42,3.78,0.46,0.05
2026-01-14,700,7.93,47.6,13,130.0,7,0.13,3.58,0.3,0.05
2026-01-14,900,7.8,48.1,12,128.0,7,0.14,3.62,0.29,0.05
2026-01-14,1100,7.63,47.9,12,128.0,7,0.4,3.31,0.47,0.05
2026-01-14,1300,7.55,47.3,14,138.0,7,0.32,3.35,0.43,0.05
2026-01-14,1500,7.5,47.3,15,142.0,7,0.37,3.39,0.42,0.05
2026-01-14,1700,7.32,48.5,16,161.0,7,0.38,3.24,0.66,0.05
2026-01-14,1900,7.17,51.5,17,175.0,7,0.38,3.09,0.66,0.05
2026-01-14,2100,7.06,51.4,16,161.0,7,0.42,3.29,0.58,0.05
2026-01-14,2300,7.04,51.2,17,170.0,7,0.73,3.48,0.53,0.05
2026-01-15,100,5.6,49,16,161.0,7,0.1,3.8,0.22,0.06
2026-01-15,300,5.46,48.8,14,158.0,7,0.08,3.81,0.21,0.06
2026-01-15,500,5.44,48.7,12,150.0,7,0.08,3.78,0.2,0.06
2026-01-15,700,6.28,48.6,16,154.0,7,0.51,3.78,0.65,0.05
2026-01-15,900,6.2,48.5,18,168.0,7,0.58,3.81,0.72,0.05
2026-01-15,1100,6.02,49.5,18,168.0,7,0.61,3.59,0.84,0.05
2026-01-15,1300,5.97,49.6,18,168.0,7,1.74,3.52,0.93,0.05
2026-01-15,1500,5.9,49.5,18,168.0,7,1.81,3.55,1.28,0.05
2026-01-15,1700,5.78,49.5,19,169.0,7,1.37,3.64,1.37,0.06
2026-01-15,1900,5.74,49.2,19,169.0,7,0.08,3.71,0.61,0.06
2026-01-15,2100,5.7,49.2,19,169.0,7,0.09,3.75,0.31,0.06
2026-01-15,2300,5.68,49,18,166.0,7,0.15,3.78,0.24,0.06
2026-01-16,100,5.08,49.4,13,134.0,7,0.09,3.84,0.29,0.06
2026-01-16,300,5.06,49.5,12,120.0,7,0.09,3.84,0.28,0.06
2026-01-16,500,5.04,49.6,13,134.0,7,0.09,3.84,0.28,0.06
2026-01-16,700,5.41,50.1,13,130.0,7,0.1,3.68,0.2,0.05
2026-01-16,900,5.36,50.2,14,138.0,7,0.12,3.83,0.19,0.05
2026-01-16,1100,5.27,50.3,13,130.0,7,0.12,3.83,0.15,0.05
2026-01-16,1300,5.22,49.7,12,127.0,7,0.25,3.77,0.28,0.05
2026-01-16,1500,5.18,49.8,13,130.0,7,0.21,3.8,0.32,0.05
2026-01-16,1700,5.09,49.4,12,124.0,7,0.19,3.8,0.29,0.06
2026-01-16,1900,5.05,50.4,16,161.0,7,0.18,3.78,0.29,0.06
2026-01-16,2100,5.12,50.4,15,150.0,7,0.14,3.8,0.3,0.06
2026-01-16,2300,5.1,50.3,13,134.0,7,0.09,3.84,0.28,0.06
2026-01-17,100,4.29,49.3,10,110.0,7,0.05,3.83,0.18,0.06
2026-01-17,300,4.28,49.1,8,108.0,7,0.04,3.83,0.17,0.06
2026-01-17,500,4.29,49.2,8,108.0,7,0.04,3.83,0.17,0.06
2026-01-17,700,4.78,50,11,110.0,7,0.06,3.83,0.17,0.06
2026-01-17,900,4.77,50,12,120.0,7,0.07,3.83,0.17,0.06
2026-01-17,1100,4.67,49.7,12,120.0,7,0.07,3.83,0.17,0.06
2026-01-17,1300,4.58,49,12,120.0,7,0.07,3.82,0.18,0.06
2026-01-17,1500,4.7,49.1,13,120.0,7,0.07,3.82,0.18,0.06
2026-01-17,1700,4.4,49.3,15,127.0,7,0.06,3.69,0.18,0.06
2026-01-17,1900,4.366666666666667,49.2,13,122.0,7,0.04,3.69,0.18,0.06
2026-01-17,2100,4.333333333333333,49.2,11,118.0,7,0.02,3.59,0.19,0.06
2026-01-17,2300,4.3,49.3,10,110.0,7,0.05,3.74,0.19,0.06
2026-01-18,100,4.08,49.5,6,78.0,7,0.05,3.83,0.18,0.06
2026-01-18,300,4.07,49.4,6,78.0,7,0.05,3.83,0.19,0.06
2026-01-18,500,4.05,49.3,6,78.0,7,0.04,3.83,0.19,0.06
2026-01-18,700,4.26,49.4,11,110.0,7,0.04,3.83,0.17,0.06
2026-01-18,900,4.26,49.4,11,110.0,7,0.04,3.83,0.17,0.06
2026-01-18,1100,4.17,49.4,11,110.0,7,0.04,3.83,0.17,0.06
2026-01-18,1300,4.13,49.3,6,78.0,7,0.04,3.83,0.18,0.06
2026-01-18,1500,4.64,49.5,7,94.0,7,0.04,3.82,0.18,0.06
2026-01-18,1700,4.21,49.5,6,78.0,7,0.04,3.82,0.18,0.06
2026-01-18,1900,4.04,49.4,6,78.0,7,0.04,3.82,0.18,0.06
2026-01-18,2100,4.11,49.3,6,78.0,7,0.04,3.82,0.19,0.06
2026-01-18,2300,4.1,49.2,6,78.0,7,0.04,3.83,0.19,0.06
2026-01-19,100,3.89,49.3,5,60.0,7,0.04,3.81,0.22,0.06
2026-01-19,300,3.94,49.1,5,60.0,7,0.04,3.84,0.22,0.06
2026-01-19,500,3.89,49.2,5,60.0,7,0.09,3.84,0.22,0.06
2026-01-19,700,4.01,49.3,6,78.0,7,0.06,3.83,0.29,0.06
2026-01-19,900,4.06,49.2,6,78.0,7,0.06,3.83,0.28,0.06
2026-01-19,1100,4.02,49.4,1,31.0,7,0.06,3.84,0.21,0.06
2026-01-19,1300,4.15,49.4,3,44.0,7,0.06,3.83,0.24,0.06
2026-01-19,1500,4.14,49.2,3,44.0,7,0.06,3.84,0.24,0.06
2026-01-19,1700,3.96,49.4,4,60.0,7,0.06,3.78,0.24,0.06
2026-01-19,1900,3.86,49.1,4,60.0,7,0.06,3.83,0.21,0.06
2026-01-19,2100,3.89,49.1,5,60.0,7,0.04,3.83,0.22,0.06
2026-01-19,2300,3.89,49.3,5,60.0,7,0.04,3.83,0.22,0.06
2026-01-20,100,4.02,50.6,22,220.0,7,0.04,3.82,0.23,0.06
2026-01-20,300,3.88,50.4,22,220.0,7,0.08,3.82,0.23,0.06
2026-01-20,500,3.78,50,22,220.0,7,0.08,3.82,0.23,0.06
2026-01-20,700,3.87,50.5,5,60.0,7,0.08,3.84,0.22,0.06
2026-01-20,900,3.88,50.3,5,60.0,7,0.08,3.84,0.22,0.06
2026-01-20,1100,3.89,50.4,5,60.0,7,0.07,3.83,0.22,0.06
2026-01-20,1300,5.0,50.2,20,338.0,7,0.04,3.83,0.23,0.06
2026-01-20,1500,5.04,50.4,18,310.0,7,0.04,3.69,0.23,0.06
2026-01-20,1700,4.21,50.2,21,340.0,7,0.04,3.74,0.23,0.06
2026-01-20,1900,3.76,50.4,24,348.0,7,0.04,3.84,0.23,0.06
2026-01-20,2100,3.74,50.3,24,348.0,7,0.04,3.84,0.23,0.06
2026-01-20,2300,3.98,50.3,22,220.0,7,0.04,3.82,0.23,0.06
2026-01-21,100,3.96,51.2,15,150.0,7,0.06,3.8,0.25,0.06
2026-01-21,300,3.8,50,14,140.0,7,0.09,3.81,0.24,0.06
2026-01-21,500,3.71,50,14,140.0,7,0.09,3.81,0.24,0.06
2026-01-21,700,3.76,49.6,35,245.0,7,0.05,3.82,0.23,0.05
2026-01-21,900,3.8,49.5,28,231.0,7,0.05,3.78,0.23,0.05
2026-01-21,1100,3.88,49.9,18,200.0,7,0.05,3.68,0.24,0.06
2026-01-21,1300,3.79,50.6,17,200.0,7,0.05,3.6,0.24,0.06
2026-01-21,1500,3.7,50.8,18,200.0,7,0.06,3.81,0.25,0.06
2026-01-21,1700,3.68,50.4,18,200.0,7,0.06,3.83,0.25,0.06
2026-01-21,1900,3.66,50.5,18,200.0,7,0.06,3.83,0.25,0.06
2026-01-21,2100,3.64,50.2,18,200.0,7,0.06,3.83,0.25,0.06
2026-01-21,2300,3.69,50,16,160.0,7,0.06,3.79,0.25,0.06
2026-01-22,100,3.6925,49.7,13,130.0,7,0.09,3.82,0.29,0.06
2026-01-22,300,3.6950000000000003,49.5,13,130.0,7,0.12,3.82,0.28,0.06
2026-01-22,500,3.6975000000000002,49.5,13,130.0,7,0.12,3.81,0.28,0.06
2026-01-22,700,3.7,49.5,15,150.0,7,0.08,3.72,0.27,0.05
2026-01-22,900,3.75,49.5,16,161.0,7,0.08,3.74,0.27,0.05
2026-01-22,1100,3.85,49.4,15,150.0,7,0.08,3.83,0.27,0.06
2026-01-22,1300,3.91,49.8,15,150.0,7,0.09,3.82,0.28,0.06
2026-01-22,1500,3.94,49.6,15,150.0,7,0.08,3.88,0.28,0.06
2026-01-22,1700,3.74,49.4,15,150.0,7,0.08,3.7,0.28,0.06
2026-01-22,1900,3.5,49.5,18,174.0,7,0.08,3.76,0.27,0.06
2026-01-22,2100,3.5,49.3,16,168.0,7,0.08,3.81,0.29,0.06
2026-01-22,2300,3.685,49.6,13,130.0,7,0.08,3.81,0.29,0.06
2026-01-23,100,3.87,50.3,10,101.0,7,0.05,3.84,0.28,0.06
2026-01-23,300,3.81,50,10,101.0,7,0.08,3.84,0.27,0.06
2026-01-23,500,3.59,50.6,10,101.0,7,0.08,3.68,0.27,0.06
2026-01-23,700,3.61,49.9,8,98.0,7,0.1,3.62,0.3,0.05
2026-01-23,900,3.56,49.8,9,101.0,7,0.09,3.7,0.3,0.05
2026-01-23,1100,3.64,49.9,9,101.0,7,0.09,3.8,0.3,0.06
2026-01-23,1300,5.09,49.8,9,101.0,7,0.1,3.82,0.29,0.06
2026-01-23,1500,4.98,49.7,9,101.0,7,0.13,3.68,0.3,0.06
2026-01-23,1700,3.68,49.8,9,101.0,7,0.12,3.7,0.31,0.06
2026-01-23,1900,3.66,49.8,9,101.0,7,0.12,3.71,0.31,0.06
2026-01-23,2100,3.66,49.6,9,101.0,7,0.12,3.83,0.28,0.06
2026-01-23,2300,3.52,49.6,9,101.0,7,0.05,3.84,0.28,0.06
2026-01-24,100,3.63,50.3,6,94.0,7,0.07,3.78,0.31,0.06
2026-01-24,300,3.73,50.3,6,94.0,7,0.07,3.82,0.31,0.06
2026-01-24,500,3.61,50.2,6,94.0,7,0.07,3.82,0.31,0.06
2026-01-24,700,3.55,50.1,9,103.0,7,0.07,3.83,0.27,0.05
2026-01-24,900,3.49,50.2,9,103.0,7,0.07,3.83,0.27,0.05
2026-01-24,1100,3.48,50.1,5,67.0,7,0.07,3.83,0.28,0.06
2026-01-24,1300,3.65,50.1,5,67.0,7,0.07,3.83,0.29,0.06
2026-01-24,1500,3.57,50.1,5,67.0,7,0.07,3.83,0.3,0.06
2026-01-24,1700,3.84,50.2,6,94.0,7,0.07,3.83,0.29,0.06
2026-01-24,1900,3.49,50.2,6,94.0,7,0.07,3.83,0.31,0.06
2026-01-24,2100,3.8,50.4,9,103.0,7,0.07,3.56,0.31,0.06
2026-01-24,2300,3.5,50.2,7,97.0,7,0.07,3.68,0.31,0.06
2026-01-25,100,5.08,49.8,20,200.0,7,0.12,3.84,0.32,0.06
2026-01-25,300,5.03,49.7,15,150.0,7,0.14,3.84,0.3,0.06
2026-01-25,500,5.01,50.1,15,150.0,7,0.14,3.84,0.3,0.06
2026-01-25,700,4.15,50.2,6,94.0,7,0.1,3.82,0.31,0.05
2026-01-25,900,3.64,50.1,7,97.0,7,0.11,3.82,0.31,0.05
2026-01-25,1100,3.74,50.2,8,101.0,7,0.11,3.82,0.31,0.06
2026-01-25,1300,4.16,50.4,6,94.0,7,0.11,3.56,0.31,0.06
2026-01-25,1500,4.21,50.3,8,104.0,7,0.13,3.76,0.34,0.06
2026-01-25,1700,5.56,50.2,8,104.0,7,0.1,3.83,0.33,0.06
2026-01-25,1900,5.34,50.2,14,180.0,7,0.1,3.84,0.32,0.06
2026-01-25,2100,5.25,50.1,18,196.0,7,0.11,3.84,0.32,0.06
2026-01-25,2300,5.13,50,28,280.0,7,0.12,3.85,0.32,0.06
2026-01-26,100,4.18,49.5,24,194.0,7,0.04,3.82,0.28,0.06
2026-01-26,300,4.12,49.8,24,194.0,7,0.04,3.82,0.28,0.06
2026-01-26,500,4.06,49.5,23,180.0,7,0.04,3.82,0.28,0.06
2026-01-26,700,5.04,49.8,15,150.0,7,0.05,3.69,0.3,0.06
2026-01-26,900,5.06,49.9,15,150.0,7,0.05,3.84,0.29,0.06
2026-01-26,1100,5.12,50.3,18,210.0,7,0.04,3.84,0.3,0.06
2026-01-26,1300,5.14,50.6,20,226.0,7,0.04,3.84,0.3,0.06
2026-01-26,1500,4.92,50.5,35,230.0,7,0.04,3.84,0.3,0.06
2026-01-26,1700,4.49,50,36,236.0,7,0.04,3.82,0.29,0.06
2026-01-26,1900,4.35,49.5,26,185.0,7,0.04,3.82,0.29,0.06
2026-01-26,2100,4.27,49.2,21,174.0,7,0.04,3.82,0.29,0.06
2026-01-26,2300,4.21,49.5,23,180.0,7,0.04,3.82,0.29,0.06
2026-01-27,100,3.67,50.3,19,179.0,7,0.08,3.82,0.31,0.06
2026-01-27,300,3.69,50.2,20,181.0,7,0.08,3.86,0.3,0.06
2026-01-27,500,3.71,50.2,22,186.0,7,0.09,3.84,0.3,0.06
2026-01-27,700,4.04,49.4,24,184.0,7,0.04,3.83,0.29,0.06
2026-01-27,900,4.02,49.5,22,180.0,7,0.05,3.83,0.29,0.06
2026-01-27,1100,3.96,49.3,22,180.0,7,0.05,3.81,0.28,0.06
2026-01-27,1300,3.86,49.5,22,180.0,7,0.05,3.81,0.29,0.06
2026-01-27,1500,3.78,49.3,32,240.0,7,0.05,3.82,0.3,0.06
2026-01-27,1700,3.78,49.3,22,180.0,7,0.06,3.82,0.3,0.06
2026-01-27,1900,3.74,52.3,32,240.0,7,0.05,3.74,0.3,0.06
2026-01-27,2100,3.71,50.6,20,175.0,7,0.06,3.84,0.31,0.06
2026-01-27,2300,3.7,50.4,18,166.0,7,0.07,3.83,0.31,0.06
2026-01-28,100,3.55,51.4,10,110.0,7,0.05,3.84,0.32,0.06
2026-01-28,300,3.55,51.2,12,132.0,7,0.05,3.84,0.32,0.06
2026-01-28,500,3.55,51,13,148.0,7,0.05,3.83,0.33,0.06
2026-01-28,700,3.68,50.1,24,188.0,7,0.1,3.84,0.31,0.06
2026-01-28,900,3.61,50.2,24,188.0,7,0.1,3.84,0.31,0.06
2026-01-28,1100,3.58,50.2,15,161.0,7,0.11,3.84,0.41,0.06
2026-01-28,1300,3.56,50.4,15,161.0,7,0.13,3.84,0.37,0.06
2026-01-28,1500,3.54,50.5,23,187.0,7,0.13,3.83,0.37,0.06
2026-01-28,1700,3.59,50.6,26,192.0,7,0.05,3.61,0.39,0.06
2026-01-28,1900,3.56,50.3,24,188.0,7,0.04,3.79,0.35,0.06
2026-01-28,2100,3.56,51.2,10,110.0,7,0.04,3.83,0.34,0.06
2026-01-28,2300,3.56,51.4,13,140.0,7,0.05,3.83,0.34,0.06
2026-01-29,100,3.49,50.7,6,106.0,7,0.05,3.83,0.31,0.06
2026-01-29,300,3.49,50.6,5,95.0,7,0.05,3.83,0.31,0.06
2026-01-29,500,3.49,50.8,5,95.0,7,0.05,3.83,0.31,0.06
2026-01-29,700,3.56,51.3,10,126.0,7,0.1,3.83,0.33,0.06
2026-01-29,900,3.48,51.2,10,126.0,7,0.1,3.83,0.34,0.06
2026-01-29,1100,3.6,51.4,14,140.0,7,0.11,3.83,0.34,0.06
2026-01-29,1300,3.64,51.6,18,168.0,7,0.13,3.83,0.35,0.06
2026-01-29,1500,3.47,50.2,15,155.0,7,0.13,3.83,0.36,0.06
2026-01-29,1700,3.44,50.2,11,130.0,7,0.05,3.83,0.33,0.06
2026-01-29,1900,3.53,50.1,10,126.0,7,0.04,3.83,0.33,0.06
2026-01-29,2100,3.51,50.7,6,106.0,7,0.04,3.83,0.32,0.06
2026-01-29,2300,3.5,50.9,6,106.0,7,0.05,3.83,0.32,0.06
2026-01-30,100,3.43,50.3,25,300.0,7,0.07,3.82,0.34,0.06
2026-01-30,300,3.42,50.2,22,250.0,7,0.08,3.82,0.34,0.06
2026-01-30,500,3.41,50,18,210.0,7,0.08,3.82,0.34,0.06
2026-01-30,700,3.43,50.6,5,95.0,7,0.13,3.83,0.31,0.06
2026-01-30,900,3.41,50.8,5,95.0,7,0.13,3.83,0.32,0.06
2026-01-30,1100,3.39,50.7,4,90.0,7,0.04,3.83,0.4,0.06
2026-01-30,1300,3.36,50.4,4,90.0,7,0.04,3.83,0.38,0.06
2026-01-30,1500,3.4,50.1,72,695.0,7,0.05,3.83,0.35,0.06
2026-01-30,1700,3.38,49.6,34,370.0,7,0.05,3.82,0.34,0.06
2026-01-30,1900,3.41,49.8,32,348.0,7,0.05,3.82,0.34,0.06
2026-01-30,2100,3.52,49.8,28,321.0,7,0.05,3.82,0.34,0.06
2026-01-30,2300,3.46,50.5,28,321.0,7,0.06,3.82,0.34,0.06
2026-01-31,100,3.38,50.1,13,214.0,7,0.11,3.82,0.32,0.06
2026-01-31,300,3.38,50,12,198.0,7,0.12,3.82,0.32,0.06
2026-01-31,500,3.36,50,12,198.0,7,0.12,3.82,0.32,0.06
2026-01-31,700,3.3939999999999997,51.7,18,210.0,7,0.1,3.83,0.33,0.06
2026-01-31,900,3.428,51.5,19,210.0,7,0.09,3.66,0.35,0.06
2026-01-31,1100,3.4619999999999997,50.2,16,150.0,7,0.09,3.82,0.33,0.06
2026-01-31,1300,3.496,50,2,70.0,7,0.09,3.83,0.34,0.06
2026-01-31,1500,3.53,50.3,29,334.0,7,0.1,3.83,0.34,0.06
2026-01-31,1700,3.38,50.3,21,285.0,7,0.11,3.83,0.35,0.06
2026-01-31,1900,3.38,50.1,14,235.0,7,0.1,3.71,0.35,0.06
2026-01-31,2100,3.51,50.3,14,235.0,7,0.1,3.79,0.34,0.06
2026-01-31,2300,3.54,50.2,14,235.0,7,0.1,3.82,0.34,0.06
2026-02-01,100,4.1,50.1,25,324.0,7,0.04,3.82,,0.06
2026-02-01,300,3.83,50.1,20,214.0,7,0.04,3.82,,0.06
2026-02-01,500,3.77,50,18,175.0,7,0.04,3.82,,0.06
2026-02-01,700,3.38,50.4,12,198.0,7,0.12,3.83,,0.06
2026-02-01,900,3.56,50.4,23,380.0,7,0.25,3.83,,0.06
2026-02-01,1100,3.58,50.6,24,386.0,7,0.18,3.83,,0.06
2026-02-01,1300,3.5,50,24,380.0,7,0.15,3.8,,0.06
2026-02-01,1500,3.49,49.9,50,569.0,7,0.13,3.82,,0.06
2026-02-01,1700,3.59,49.1,33,421.0,7,0.04,3.81,,0.06
2026-02-01,1900,3.66,49.4,29,375.0,7,0.04,3.82,,0.06
2026-02-01,2100,3.87,49.9,29,375.0,7,0.04,3.82,,0.06
2026-02-01,2300,4.19,50.2,28,342.0,7,0.04,3.82,,0.06
2026-02-02,100,3.45,50.3,12,128.0,7,0.04,3.83,,0.06
2026-02-02,300,3.3,50.1,11,110.0,7,0.05,3.83,,0.06
2026-02-02,500,3.28,50.2,11,110.0,7,0.05,3.83,,0.06
2026-02-02,700,3.78,50,23,230.0,7,0.04,3.83,,0.06
2026-02-02,900,4.03,50.1,16,160.0,7,0.04,3.83,,0.06
2026-02-02,1100,3.8,50.2,15,150.0,7,0.04,3.82,,0.06
2026-02-02,1300,3.72,50.3,14,140.0,7,0.05,3.8,,0.06
2026-02-02,1500,3.67,49.5,15,152.0,7,0.05,3.83,,0.06
2026-02-02,1700,3.55,49.8,13,131.0,7,0.05,3.83,,0.06
2026-02-02,1900,3.55,50.5,13,131.0,7,0.05,3.83,,0.06
2026-02-02,2100,3.88,50.2,13,131.0,7,0.05,3.83,,0.06
2026-02-02,2300,3.58,50.1,12,128.0,7,0.05,3.83,,0.06
2026-02-03,100,3.35,50.1,12,120.0,7,0.05,3.83,,0.06
2026-02-03,300,3.3,50.3,11,114.0,7,0.04,3.83,,0.06
2026-02-03,500,3.27,50,10,108.0,7,0.06,3.83,,0.06
2026-02-03,700,3.23,50,10,100.0,7,0.06,3.83,,0.06
2026-02-03,900,3.99,50,11,110.0,7,0.06,3.9,,0.06
2026-02-03,1100,3.75,50.1,10,100.0,7,0.07,3.94,,0.06
2026-02-03,1300,3.62,50,10,100.0,7,0.07,3.88,,0.06
2026-02-03,1500,3.49,50.3,14,152.0,7,0.07,3.83,,0.06
2026-02-03,1700,3.42,50.1,11,110.0,7,0.27,3.55,,0.06
2026-02-03,1900,3.41,50.3,11,110.0,7,0.08,3.74,,0.06
2026-02-03,2100,3.4,50.1,13,128.0,7,0.09,3.81,,0.06
2026-02-03,2300,3.38,50,12,120.0,7,0.09,3.83,,0.06
2026-02-04,100,3.42,49.3,12,126.0,7,0.08,3.82,,0.05
2026-02-04,300,3.48,50,9,100.0,7,0.05,3.82,,0.05
2026-02-04,500,3.49,49.8,9,100.0,7,0.06,3.82,,0.05
2026-02-04,700,3.43,50,11,110.0,7,0.06,3.83,,0.05
2026-02-04,900,3.69,49.3,34,345.0,7,0.06,3.83,,0.05
2026-02-04,1100,3.8,50,14,152.0,7,0.05,3.74,,0.05
2026-02-04,1300,3.7,49.8,12,128.0,7,0.05,3.68,,0.05
2026-02-04,1500,3.52,50.1,12,128.0,7,0.06,3.85,,0.05
2026-02-04,1700,3.41,49.9,11,109.0,7,0.06,3.82,,0.05
2026-02-04,1900,3.41,49.8,10,102.0,7,0.07,3.82,,0.05
2026-02-04,2100,3.43,50.1,10,102.0,7,0.07,3.82,,0.05
2026-02-04,2300,3.43,49.6,12,126.0,7,0.07,3.82,,0.05
2026-02-05,100,3.64,49.6,11,110.0,7,0.1,3.45,,0.06
2026-02-05,300,3.6,49.7,11,110.0,7,0.15,3.64,,0.06
2026-02-05,500,3.58,49.8,11,110.0,7,0.17,3.76,,0.06
2026-02-05,700,3.56,49.4,11,110.0,7,0.14,3.82,,0.06
2026-02-05,900,3.61,49.4,10,100.0,7,0.15,3.82,,0.06
2026-02-05,1100,4.65,49.3,10,100.0,7,0.13,3.82,,0.06
2026-02-05,1300,3.9,49.6,10,100.0,7,0.13,3.69,,0.06
2026-02-05,1500,3.81,49.8,11,112.0,7,0.17,3.5,,0.06
2026-02-05,1700,3.72,48.8,11,112.0,7,0.17,3.4,,0.06
2026-02-05,1900,3.73,49.5,10,100.0,7,0.12,3.34,,0.06
2026-02-05,2100,3.73,52,11,112.0,7,0.1,3.27,,0.06
2026-02-05,2300,3.7,49.8,11,110.0,7,0.14,3.35,,0.06
2026-02-06,100,3.5,53.3,14,140.0,7,0.08,3.84,,0.06
2026-02-06,300,3.49,53.4,13,131.0,7,0.1,3.84,,0.06
2026-02-06,500,3.47,53.4,12,118.0,7,0.09,3.84,,0.06
2026-02-06,700,3.64,52,12,120.0,7,0.2,3.82,,0.06
2026-02-06,900,3.59,52.1,13,130.0,7,0.19,3.83,,0.06
2026-02-06,1100,3.91,52.3,13,130.0,7,0.09,3.51,,0.06
2026-02-06,1300,3.81,52.1,13,130.0,7,0.09,3.43,,0.06
2026-02-06,1500,3.7,53.2,13,135.0,7,0.12,3.48,,0.06
2026-02-06,1700,3.5,52.8,13,135.0,7,0.14,3.58,,0.06
2026-02-06,1900,3.49,53.4,12,118.0,7,0.11,3.76,,0.06
2026-02-06,2100,3.5,53.2,12,118.0,7,0.09,3.83,,0.06
2026-02-06,2300,3.52,53.1,12,118.0,7,0.06,3.84,,0.06
2026-02-07,100,3.46,50.3,11,110.0,7,0.07,3.83,,0.06
2026-02-07,300,3.49,50.5,11,110.0,7,0.07,3.83,,0.06
2026-02-07,500,3.48,50.7,11,110.0,7,0.07,3.83,,0.06
2026-02-07,700,3.53,52.9,14,140.0,7,0.09,3.83,,0.06
2026-02-07,900,3.52,52.3,13,130.0,7,0.09,3.84,,0.06
2026-02-07,1100,3.8,51.8,11,110.0,7,0.07,3.83,,0.06
2026-02-07,1300,4.03,50,11,110.0,7,0.07,3.83,,0.06
2026-02-07,1500,4.31,51.2,12,125.0,7,0.09,3.72,,0.06
2026-02-07,1700,4.05,50.7,11,110.0,7,0.09,3.8,,0.06
2026-02-07,1900,3.47,50.5,11,110.0,7,0.07,3.83,,0.06
2026-02-07,2100,3.48,50.3,12,125.0,7,0.07,3.83,,0.06
2026-02-07,2300,3.48,50.4,11,110.0,7,0.07,3.83,,0.06
2026-02-08,100,3.4,51.4,10,108.0,7,0.11,3.84,,0.06
2026-02-08,300,3.43,51.6,10,108.0,7,0.1,3.84,,0.06
2026-02-08,500,3.45,51.5,11,112.0,7,0.1,3.84,,0.06
2026-02-08,700,3.43,51.6,18,180.0,7,0.09,3.83,,0.06
2026-02-08,900,3.41,51.3,13,130.0,7,0.09,3.83,,0.06
2026-02-08,1100,3.75,51.6,12,120.0,7,0.1,3.6,,0.06
2026-02-08,1300,5.61,51.3,12,120.0,7,0.1,3.82,,0.06
2026-02-08,1500,5.61,51.7,11,112.0,7,0.1,3.83,,0.06
2026-02-08,1700,5.0,51.4,15,148.0,7,0.1,3.81,,0.06
2026-02-08,1900,3.31,51.3,14,136.0,7,0.13,3.84,,0.06
2026-02-08,2100,3.3,52,11,112.0,7,0.12,3.82,,0.06
2026-02-08,2300,3.32,51.3,11,112.0,7,0.12,3.84,,0.06
2026-02-09,100,3.23,51.7,7,70.0,7,0.1,3.81,,0.06
2026-02-09,300,3.25,51.6,7,70.0,7,0.18,3.81,,0.06
2026-02-09,500,3.22,51.3,7,70.0,7,0.18,3.82,,0.06
2026-02-09,700,3.3,50.7,9,84.0,7,0.25,3.5,,0.06
2026-02-09,900,3.27,50.5,10,79.0,7,0.2,3.73,,0.06
2026-02-09,1100,3.23,50.5,8,74.0,7,0.08,3.7,,0.06
2026-02-09,1300,3.2,50.5,8,74.0,7,0.08,3.79,,0.06
2026-02-09,1500,3.44,50.6,7,70.0,7,0.09,3.82,,0.06
2026-02-09,1700,4.45,50.5,7,70.0,7,0.09,3.7,,0.06
2026-02-09,1900,4.07,50.4,8,70.0,7,0.09,3.74,,0.06
2026-02-09,2100,3.55,50.5,8,70.0,7,0.09,3.79,,0.06
2026-02-09,2300,3.22,51.7,7,70.0,7,0.1,3.81,,0.06
2026-02-10,100,3.39,49.5,11,110.0,7,0.2,3.83,,0.06
2026-02-10,300,3.4,49.5,11,110.0,7,0.25,3.83,,0.06
2026-02-10,500,3.42,49.6,11,110.0,7,0.25,3.83,,0.06
2026-02-10,700,3.23,49.7,7,72.0,7,0.21,3.81,,0.06
2026-02-10,900,3.2,49.8,7,72.0,7,0.2,3.83,,0.06
2026-02-10,1100,3.17,50.1,6,68.0,7,0.22,3.84,,0.06
2026-02-10,1300,4.06,51.1,6,68.0,7,0.25,3.81,,0.06
2026-02-10,1500,4.12,49.8,6,68.0,7,0.26,3.82,,0.06
2026-02-10,1700,3.42,50.2,6,68.0,7,0.27,3.83,,0.06
2026-02-10,1900,3.44,50.3,6,68.0,7,0.26,3.83,,0.06
2026-02-10,2100,3.43,50.4,6,68.0,7,0.2,3.83,,0.06
2026-02-10,2300,3.23,49.2,15,150.0,7,0.2,3.83,,0.06
2026-02-11,100,3.5,49.8,11,110.0,7,0.06,3.83,,0.06
2026-02-11,300,3.51,49.9,11,110.0,7,0.06,3.83,,0.06
2026-02-11,500,3.52,49.9,11,110.0,7,0.06,3.83,,0.06
2026-02-11,700,3.4,49.5,11,110.0,7,0.2,3.81,,0.06
2026-02-11,900,3.46,49.5,11,110.0,7,0.21,3.81,,0.06
2026-02-11,1100,3.5,49.8,11,110.0,7,0.12,3.82,,0.06
2026-02-11,1300,3.51,49.6,11,110.0,7,0.06,3.84,,0.06
2026-02-11,1500,3.49,49.5,11,110.0,7,0.06,3.84,,0.06
2026-02-11,1700,3.45,49.6,11,110.0,7,0.07,3.84,,0.06
2026-02-11,1900,3.44,49.8,10,100.0,7,0.07,3.77,,0.06
2026-02-11,2100,3.42,49.5,10,100.0,7,0.07,3.79,,0.06
2026-02-11,2300,3.5,49.9,10,100.0,7,0.07,3.83,,0.06
2026-02-12,100,3.53,49.4,17,170.0,7,0.09,3.81,,0.06
2026-02-12,300,3.53,49.3,11,110.0,7,0.09,3.83,,0.06
2026-02-12,500,3.53,49.6,11,110.0,7,0.12,3.83,,0.06
2026-02-12,700,3.5,50.3,10,98.0,7,0.08,3.83,,0.06
2026-02-12,900,3.48,50.3,10,98.0,7,0.07,3.83,,0.06
2026-02-12,1100,3.46,50.2,10,98.0,7,0.09,3.83,,0.06
2026-02-12,1300,3.46,50.1,9,89.0,7,0.08,3.83,,0.06
2026-02-12,1500,3.46,50.2,9,80.0,7,0.08,3.83,,0.06
2026-02-12,1700,3.55,50.2,9,80.0,7,0.08,3.83,,0.06
2026-02-12,1900,3.54,50.4,10,98.0,7,0.05,3.83,,0.06
2026-02-12,2100,3.55,50.6,12,124.0,7,0.09,3.83,,0.06
2026-02-12,2300,3.53,49,23,230.0,7,0.09,3.8,,0.06
2026-02-13,100,3.51,49.7,7,70.0,7,0.07,3.83,,0.05
2026-02-13,300,3.49,49.6,7,70.0,7,0.05,3.83,,0.05
2026-02-13,500,3.46,49.9,7,70.0,7,0.04,3.83,,0.05
2026-02-13,700,3.51,50,10,98.0,7,0.12,3.82,,0.06
2026-02-13,900,3.51,50,10,98.0,7,0.13,3.6,,0.06
2026-02-13,1100,3.47,50.1,9,92.0,7,0.1,3.81,,0.06
2026-02-13,1300,3.45,49.9,8,87.0,7,0.11,3.83,,0.06
2026-02-13,1500,3.45,50,9,96.0,7,0.11,3.83,,0.06
2026-02-13,1700,3.44,50.2,8,95.0,7,0.1,3.83,,0.05
2026-02-13,1900,3.43,50.1,8,95.0,7,0.11,3.83,,0.05
2026-02-13,2100,3.44,50,8,95.0,7,0.11,3.83,,0.05
2026-02-13,2300,3.49,49.8,7,70.0,7,0.12,3.83,,0.05
2026-02-14,100,3.61,50,8,95.0,7,0.05,3.8,,0.05
2026-02-14,300,3.74,50,10,114.0,7,0.05,3.82,,0.05
2026-02-14,500,3.97,50,14,135.0,7,0.05,3.82,,0.05
2026-02-14,700,3.46,50.1,7,72.0,7,0.05,3.83,,0.06
2026-02-14,900,3.45,50.2,7,72.0,7,0.05,3.83,,0.06
2026-02-14,1100,3.43,50,6,60.0,7,0.05,3.83,,0.05
2026-02-14,1300,3.47,50.1,6,60.0,7,0.05,3.83,,0.05
2026-02-14,1500,3.66,49.7,6,60.0,7,0.05,3.5,,0.05
2026-02-14,1700,3.52,50.2,7,72.0,7,0.05,3.5,,0.05
2026-02-14,1900,3.46,50.5,6,60.0,7,0.05,3.66,,0.05
2026-02-14,2100,3.52,50.2,7,72.0,7,0.05,3.68,,0.05
2026-02-14,2300,3.54,50.2,7,72.0,7,0.05,3.72,,0.05
2026-02-15,100,3.77,50,24,214.0,7,0.04,3.84,,0.06
2026-02-15,300,3.76,50.1,30,277.0,7,0.04,3.84,,0.06
2026-02-15,500,3.76,50.2,33,289.0,7,0.04,3.84,,0.06
2026-02-15,700,3.98,50,16,164.0,7,0.07,3.82,,0.05
2026-02-15,900,3.93,50,16,164.0,7,0.07,3.82,,0.05
2026-02-15,1100,3.89,50.2,18,186.0,7,0.07,3.83,,0.05
2026-02-15,1300,3.83,50.2,18,186.0,7,0.07,3.83,,0.05
2026-02-15,1500,3.81,50.2,19,190.0,7,0.08,3.83,,0.05
2026-02-15,1700,3.82,50.1,20,200.0,7,0.07,3.84,,0.06
2026-02-15,1900,3.84,50.2,20,200.0,7,0.05,3.84,,0.06
2026-02-15,2100,3.83,50.2,19,190.0,7,0.04,3.84,,0.06
2026-02-15,2300,3.82,50.1,19,190.0,7,0.04,3.84,,0.06
2026-02-16,100,3.96,50.2,24,214.0,7,0.04,3.84,,0.06
2026-02-16,300,3.93,50.2,30,277.0,7,0.04,3.84,,0.06
2026-02-16,500,3.9,50.2,33,289.0,7,0.04,3.84,,0.06
2026-02-16,700,3.94,50.2,16,164.0,7,0.07,3.82,,0.05
2026-02-16,900,3.92,50.1,16,164.0,7,0.07,3.82,,0.05
2026-02-16,1100,3.88,50.3,18,186.0,7,0.07,3.83,,0.05
2026-02-16,1300,3.87,50.4,18,186.0,7,0.07,3.83,,0.05
2026-02-16,1500,3.87,50.1,19,190.0,7,0.08,3.83,,0.05
2026-02-16,1700,3.75,50.4,20,200.0,7,0.07,3.84,,0.06
2026-02-16,1900,3.79,50.5,20,200.0,7,0.05,3.84,,0.06
2026-02-16,2100,3.87,50.5,19,190.0,7,0.04,3.84,,0.06
2026-02-16,2300,3.98,50.3,19,190.0,7,0.04,3.84,,0.06
2026-02-17,100,4.29,49.5,30,270.0,7,0.05,3.8,,0.05
2026-02-17,300,4.11,49.5,27,264.0,7,0.05,3.8,,0.05
2026-02-17,500,4.08,49.5,23,221.0,7,0.05,3.8,,0.05
2026-02-17,700,3.92,50.3,30,270.0,7,0.04,3.84,,0.05
2026-02-17,900,3.94,50.3,30,270.0,7,0.04,3.83,,0.05
2026-02-17,1100,3.9,50.4,34,272.0,7,0.04,3.84,,0.05
2026-02-17,1300,3.89,50.3,30,270.0,7,0.04,3.84,,0.05
2026-02-17,1500,3.75,51,25,250.0,7,0.11,3.7,,0.05
2026-02-17,1700,3.71,51,24,240.0,7,0.15,3.84,,0.05
2026-02-17,1900,3.89,51.1,33,330.0,7,0.14,3.78,,0.05
2026-02-17,2100,4.13,50.1,43,430.0,7,0.06,3.83,,0.05
2026-02-17,2300,4.42,49.1,37,370.0,7,0.05,3.82,,0.05
2026-02-18,100,4.04,49.6,32,334.0,7,0.08,3.83,,0.05
2026-02-18,300,4.01,49.6,29,302.0,7,0.08,3.83,,0.05
2026-02-18,500,3.87,49.7,25,266.0,7,0.08,3.83,,0.05
2026-02-18,700,4.1,49.6,23,220.0,7,0.05,3.83,,0.05
2026-02-18,900,4.12,49.5,23,220.0,7,0.05,3.83,,0.05
2026-02-18,1100,4.46,49.6,23,220.0,7,0.05,3.83,,0.05
2026-02-18,1300,4.28,49.15,25,221.0,7,0.05,3.83,,0.05
2026-02-18,1500,4.21,48.7,25,250.0,7,0.08,3.83,,0.05
2026-02-18,1700,4.11,48.9,29,290.0,7,0.08,3.83,,0.05
2026-02-18,1900,4.08,48.6,41,410.0,7,0.09,3.83,,0.05
2026-02-18,2100,4.06,48.3,41,410.0,7,0.1,3.81,,0.05
2026-02-18,2300,4.09,49.3,36,375.0,7,0.08,3.83,,0.05
2026-02-19,100,4.35,49.8,22,220.0,7,0.07,3.8,,0.05
2026-02-19,300,4.32,49.9,22,220.0,7,0.08,3.83,,0.05
2026-02-19,500,4.35,49.8,23,220.0,7,0.06,3.84,,0.05
2026-02-19,700,3.88,49.6,23,220.0,7,0.08,3.84,,0.05
2026-02-19,900,3.81,49.5,24,226.0,7,0.07,3.84,,0.05
2026-02-19,1100,4.07,49.6,20,224.0,7,0.1,3.84,,0.05
2026-02-19,1300,3.79,49.3,18,220.0,7,0.1,3.84,,0.05
2026-02-19,1500,3.73,49.3,18,220.0,7,0.21,3.85,,0.05
2026-02-19,1700,3.74,49.3,33,330.0,7,0.2,3.84,,0.05
2026-02-19,1900,3.79,49.7,25,250.0,7,0.22,3.59,,0.05
2026-02-19,2100,3.81,49.7,24,240.0,7,0.13,3.66,,0.05
2026-02-19,2300,4.02,49.8,22,220.0,7,0.09,3.78,,0.05
2026-02-20,100,7.18,49.5,67,534.0,7,0.05,3.82,,0.05
2026-02-20,300,7.29,49.5,68,552.0,7,0.06,3.82,,0.05
2026-02-20,500,7.66,49.5,71,591.0,7,0.06,3.47,,0.05
2026-02-20,700,4.43,50.8,28,228.0,7,0.07,3.83,,0.05
2026-02-20,900,4.62,50.6,27,228.0,7,0.07,3.84,,0.05
2026-02-20,1100,4.77,50.4,23,228.0,7,0.1,3.85,,0.05
2026-02-20,1300,4.98,50.6,24,228.0,7,0.16,3.82,,0.05
2026-02-20,1500,5.04,51.3,34,340.0,7,0.33,3.69,,0.05
2026-02-20,1700,5.11,50.1,37,370.0,7,0.27,3.85,,0.05
2026-02-20,1900,5.61,50.4,66,660.0,7,0.23,3.84,,0.05
2026-02-20,2100,5.91,50.7,50,500.0,7,0.12,3.85,,0.05
2026-02-20,2300,6.19,50.5,52,507.0,7,0.09,3.82,,0.05
2026-02-21,100,8.02,49.8,41,408.0,7,0.06,3.82,,0.06
2026-02-21,300,7.95,49.3,42,417.0,7,0.06,3.82,,0.06
2026-02-21,500,7.81,49.3,42,417.0,7,0.06,3.82,,0.06
2026-02-21,700,7.74,50.1,78,742.0,7,0.09,3.83,,0.05
2026-02-21,900,7.79,50.1,80,760.0,7,0.1,3.83,,0.05
2026-02-21,1100,7.8,50.3,73,702.0,7,0.69,3.83,,0.06
2026-02-21,1300,8.21,50.2,68,680.0,7,0.46,3.83,,0.06
2026-02-21,1500,8.22,50.1,59,590.0,7,0.37,3.84,,0.06
2026-02-21,1700,8.22,49.8,46,460.0,7,0.22,3.85,,0.06
2026-02-21,1900,8.18,49.6,44,440.0,7,0.11,3.84,,0.06
2026-02-21,2100,8.17,49.5,40,400.0,7,0.06,3.84,,0.06
2026-02-21,2300,8.12,49.5,41,408.0,7,0.06,3.82,,0.06
2026-02-22,100,5.62,49.5,29,281.0,7,0.1,3.82,,0.06
2026-02-22,300,5.3,49.4,27,262.0,7,0.09,3.82,,0.06
2026-02-22,500,5.14,49.4,25,231.0,7,0.09,3.82,,0.06
2026-02-22,700,7.56,49.3,40,400.0,7,0.06,3.82,,0.05
2026-02-22,900,7.54,49.2,38,374.0,7,0.06,3.82,,0.05
2026-02-22,1100,7.56,49.7,34,314.0,7,0.06,3.4,,0.06
2026-02-22,1300,7.06,49.8,39,400.0,7,0.04,3.49,,0.06
2026-02-22,1500,6.94,49.5,31,386.0,7,0.19,3.8,,0.06
2026-02-22,1700,6.6,50.4,27,375.0,7,0.28,3.85,,0.06
2026-02-22,1900,6.26,49.7,36,360.0,7,0.33,3.83,,0.06
2026-02-22,2100,5.98,49.3,34,340.0,7,0.21,3.83,,0.06
2026-02-22,2300,5.86,49.6,31,316.0,7,0.11,3.86,,0.06
2026-02-23,100,4.24,49.6,24,250.0,7,0.05,3.56,,0.06
2026-02-23,300,4.26,49.3,24,250.0,7,0.06,3.72,,0.06
2026-02-23,500,4.46,49.7,22,240.0,7,0.08,3.52,,0.06
2026-02-23,700,4.83,48.9,22,220.0,7,0.1,3.69,,0.06
2026-02-23,900,4.6,49,24,240.0,7,0.1,3.69,,0.06
2026-02-23,1100,4.46,49.3,24,240.0,7,0.34,3.71,,0.06
2026-02-23,1300,4.58,49.2,23,230.0,7,0.27,3.62,,0.06
2026-02-23,1500,4.5,49.4,21,214.0,7,0.22,3.28,,0.06
2026-02-23,1700,4.25,49.6,23,247.0,7,0.05,2.75,,0.06
2026-02-23,1900,4.06,49.650000000000006,23,247.0,7,0.08,3.43,,0.06
2026-02-23,2100,3.99,49.7,23,247.0,7,0.06,3.44,,0.06
2026-02-23,2300,3.96,49.8,23,247.0,7,0.05,3.48,,0.06
2026-02-24,100,4.54,50.3,48,450.0,7,0.1,3.69,,0.06
2026-02-24,300,4.5,50.4,48,450.0,7,0.14,3.84,,0.06
2026-02-24,500,4.53,50.6,48,450.0,7,0.16,3.84,,0.06
2026-02-24,700,4.83,49.3,32,320.0,7,0.04,3.84,,0.06
2026-02-24,900,4.86,49.3,34,340.0,7,0.04,3.82,,0.06
2026-02-24,1100,4.76,49,48,480.0,7,0.05,3.82,,0.06
2026-02-24,1300,4.73,49.5,55,550.0,7,0.05,3.81,,0.06
2026-02-24,1500,4.83,49.1,59,607.0,7,0.05,3.75,,0.06
2026-02-24,1700,4.69,49.4,55,548.0,7,0.05,3.86,,0.06
2026-02-24,1900,4.67,49.3,55,548.0,7,0.06,3.83,,0.06
2026-02-24,2100,4.68,50.6,55,548.0,7,0.05,3.42,,0.06
2026-02-24,2300,4.68,50.2,48,450.0,7,0.07,3.29,,0.06
2026-02-25,100,6.68,50.8,48,470.0,7,0.06,3.72,,0.06
2026-02-25,300,7.32,50.7,48,470.0,7,0.05,3.86,,0.06
2026-02-25,500,7.45,50.7,49,480.0,7,0.05,3.83,,0.06
2026-02-25,700,5.59,50,36,360.0,7,0.06,3.85,,0.06
2026-02-25,900,5.72,50,40,400.0,7,0.06,3.75,,0.06
2026-02-25,1100,5.81,53.5,51,510.0,7,0.05,3.85,,0.06
2026-02-25,1300,5.83,53.3,58,580.0,7,0.05,3.85,,0.06
2026-02-25,1500,5.86,50.2,55,542.0,7,0.05,3.85,,0.06
2026-02-25,1700,5.82,50.7,45,424.0,7,0.05,3.82,,0.06
2026-02-25,1900,5.86,50.7,47,451.0,7,0.05,3.82,,0.06
2026-02-25,2100,5.84,50.7,49,474.0,7,0.05,3.82,,0.06
2026-02-25,2300,5.86,50.4,52,486.0,7,0.05,3.64,,0.06
2026-02-26,100,7.01,50.5,50,572.0,7,0.09,3.82,,0.06
2026-02-26,300,6.84,50.6,51,576.0,7,0.1,3.82,,0.06
2026-02-26,500,6.7,50.4,51,576.0,7,0.07,3.82,,0.06
2026-02-26,700,7.64,50,138,1380.0,7,0.09,3.85,,0.06
2026-02-26,900,7.81,53.3,176,1760.0,7,0.12,3.85,,0.06
2026-02-26,1100,7.85,52,176,1760.0,7,1.49,3.83,,0.06
2026-02-26,1300,7.93,51.3,134,1340.0,7,2.37,3.67,,0.06
2026-02-26,1500,7.86,50.1,119,1280.0,7,1.18,3.83,,0.06
2026-02-26,1700,7.76,50.3,53,700.0,7,0.21,3.84,,0.06
2026-02-26,1900,7.72,50.8,46,511.0,7,0.09,3.82,,0.06
2026-02-26,2100,7.61,50.6,46,511.0,7,0.08,3.82,,0.06
2026-02-26,2300,7.63,50.3,46,510.0,7,0.07,3.82,,0.06
2026-02-27,100,6.38,50.4,37,368.0,7,0.04,3.56,,0.06
2026-02-27,300,6.41,50.4,34,340.0,7,0.04,3.68,,0.06
2026-02-27,500,6.5,50.5,34,340.0,7,0.04,3.8,,0.06
2026-02-27,700,6.67,49.7,40,400.0,7,0.07,3.49,,0.06
2026-02-27,900,6.74,48.9,39,390.0,7,0.07,3.61,,0.06
2026-02-27,1100,6.76,51,38,380.0,7,0.21,3.43,,0.06
2026-02-27,1300,9.55,50.4,35,350.0,7,0.07,3.73,,0.06
2026-02-27,1500,6.26,50.5,34,337.0,7,0.07,3.82,,0.06
2026-02-27,1700,6.66,50.3,38,410.0,7,0.06,3.83,,0.06
2026-02-27,1900,6.04,50.4,34,340.0,7,0.12,3.82,,0.06
2026-02-27,2100,6.07,50.4,35,354.0,7,0.04,3.32,,0.06
2026-02-27,2300,6.05,50.3,35,354.0,7,0.04,3.47,,0.06
2026-02-28,100,6.01,50.8,26,268.0,7,0.05,3.83,,0.06
2026-02-28,300,5.96,50.6,24,250.0,7,0.05,3.83,,0.06
2026-02-28,500,5.58,50.6,24,250.0,7,0.05,3.83,,0.06
2026-02-28,700,6.6,50,34,340.0,7,0.05,3.84,,0.06
2026-02-28,900,6.84,50.8,42,420.0,7,0.05,3.84,,0.06
2026-02-28,1100,6.58,50,38,380.0,7,0.05,3.84,,0.06
2026-02-28,1300,6.54,51.4,34,340.0,7,0.05,3.83,,0.06
2026-02-28,1500,6.48,51.4,34,340.0,7,0.05,3.84,,0.06
2026-02-28,1700,6.32,51.2,32,334.0,7,0.05,3.83,,0.06
2026-02-28,1900,6.32,50.9,30,309.0,7,0.05,3.83,,0.06
2026-02-28,2100,6.33,50.7,30,309.0,7,0.05,3.83,,0.06
2026-02-28,2300,6.34,50.7,26,268.0,7,0.05,3.83,,0.06
2026-03-01,100,5.3,50.5,24,236.0,7,0.1,3.84,0.46,0.06
2026-03-01,300,5.26,50.7,23,230.0,7,0.1,3.84,0.45,0.06
2026-03-01,500,5.24,50.6,20,218.0,7,0.1,3.84,0.46,0.06
2026-03-01,700,5.76,50,27,270.0,7,0.07,3.83,0.42,0.06
2026-03-01,900,5.73,50,26,260.0,7,0.12,3.52,0.43,0.06
2026-03-01,1100,5.56,49.9,27,270.0,7,0.1,3.71,0.44,0.06
2026-03-01,1300,5.49,49.8,29,290.0,7,0.1,3.84,0.46,0.06
2026-03-01,1500,5.39,50.1,35,370.0,7,0.1,3.84,0.47,0.06
2026-03-01,1700,5.29,52.6,29,292.0,7,0.09,3.52,0.48,0.06
2026-03-01,1900,5.25,52.4,25,247.0,7,0.07,3.64,0.46,0.06
2026-03-01,2100,5.31,50.7,25,247.0,7,0.07,3.74,0.45,0.06
2026-03-01,2300,5.29,50.6,24,236.0,7,0.1,3.84,0.45,0.06
2026-03-02,100,4.47,50.9,23,230.0,7,0.08,3.84,0.49,0.06
2026-03-02,300,4.38,50.6,22,220.0,7,0.12,3.84,0.47,0.06
2026-03-02,500,4.27,50.5,22,220.0,7,0.12,3.84,0.47,0.06
2026-03-02,700,4.79,50.4,27,264.0,7,0.12,3.84,0.46,0.06
2026-03-02,900,4.75,50.4,24,241.0,7,0.11,3.84,0.46,0.06
2026-03-02,1100,4.63,50.4,37,269.0,7,0.06,3.84,0.46,0.06
2026-03-02,1300,4.53,50,24,241.0,7,0.06,3.84,0.45,0.06
2026-03-02,1500,4.44,50.7,25,260.0,7,0.04,3.26,0.49,0.06
2026-03-02,1700,4.38,50.5,25,260.0,7,0.04,3.37,0.46,0.06
2026-03-02,1900,4.46,50.7,24,236.0,7,0.08,3.5,0.49,0.06
2026-03-02,2100,4.5,50.3,23,230.0,7,0.08,3.84,0.49,0.06
2026-03-02,2300,4.62,52.3,23,230.0,7,0.08,3.84,0.49,0.06
2026-03-03,100,4.41,50.5,29,290.0,7,0.16,3.77,0.49,0.06
2026-03-03,300,4.31,50,30,300.0,7,0.22,3.8,0.51,0.06
2026-03-03,500,4.23,50,30,300.0,7,0.22,3.84,0.51,0.06
2026-03-03,700,4.25,50.4,21,200.0,7,0.12,3.82,0.47,0.06
2026-03-03,900,4.42,50.5,22,210.0,7,0.12,3.82,0.47,0.06
2026-03-03,1100,4.27,50.3,22,210.0,7,0.12,3.83,0.48,0.06
2026-03-03,1300,4.17,50.3,24,238.0,7,0.12,3.83,0.49,0.06
2026-03-03,1500,4.42,52.4,23,230.0,7,0.11,3.83,0.51,0.06
2026-03-03,1700,4.09,52.2,40,380.0,7,0.12,3.83,0.5,0.06
2026-03-03,1900,4.07,52.3,26,246.0,7,0.11,3.83,0.5,0.06
2026-03-03,2100,4.06,51.5,27,250.0,7,0.12,3.83,0.5,0.06
2026-03-03,2300,4.53,50.7,29,290.0,7,0.16,3.77,0.49,0.06
2026-03-04,100,4.01,55,18,180.0,7,0.07,3.84,0.49,0.06
2026-03-04,300,3.82,57.7,21,210.0,7,0.16,3.84,0.48,0.06
2026-03-04,500,3.79,55.7,22,220.0,7,0.17,3.84,0.48,0.06
2026-03-04,700,4.2,50,35,342.0,7,0.06,3.68,0.52,0.06
2026-03-04,900,4.4,50,32,317.0,7,0.06,3.72,0.52,0.06
2026-03-04,1100,4.35,50.1,38,402.0,7,0.05,3.77,0.48,0.06
2026-03-04,1300,4.17,50.2,32,318.0,7,0.04,3.21,0.49,0.06
2026-03-04,1500,4.19,50,31,310.0,7,0.06,3.84,0.5,0.06
2026-03-04,1700,4.17,56,16,308.0,7,0.04,3.68,0.51,0.06
2026-03-04,1900,4.15,56.2,15,308.0,7,0.05,3.84,0.52,0.08
2026-03-04,2100,4.13,56.1,18,309.0,7,0.05,3.84,0.51,0.08
2026-03-04,2300,4.11,57.4,18,180.0,7,0.07,3.86,0.52,0.06
2026-03-05,100,3.88,52.1,16,160.0,7,0.14,3.84,0.52,0.06
2026-03-05,300,3.74,52.2,16,160.0,7,0.16,3.84,0.52,0.06
2026-03-05,500,3.68,52,16,160.0,7,0.18,3.84,0.52,0.06
2026-03-05,700,3.73,55.4,23,214.0,7,0.5,3.84,0.51,0.06
2026-03-05,900,3.92,55,21,194.0,7,0.5,3.84,0.51,0.06
2026-03-05,1100,4.07,55.2,19,186.0,7,0.19,3.54,0.52,0.06
2026-03-05,1300,3.84,55,20,190.0,7,0.27,3.69,0.53,0.06
2026-03-05,1500,3.74,54.6,25,230.0,7,0.2,3.84,0.56,0.06
2026-03-05,1700,3.62,55.1,20,190.0,7,0.15,3.84,0.55,0.06
2026-03-05,1900,3.58,55,18,186.0,7,0.17,3.84,0.55,0.06
2026-03-05,2100,3.57,55.3,18,186.0,7,0.2,3.84,0.55,0.06
2026-03-05,2300,3.75,52.1,16,160.0,7,0.1,3.85,0.53,0.06
2026-03-06,100,3.94,52.1,13,130.0,7,0.07,3.84,0.54,0.06
2026-03-06,300,3.74,52.3,11,110.0,7,0.1,3.83,0.54,0.06
2026-03-06,500,3.86,52.4,10,100.0,7,0.1,3.82,0.54,0.06
2026-03-06,700,3.6,51.8,14,140.0,7,0.14,3.85,0.52,0.06
2026-03-06,900,3.57,52.9,13,140.0,7,0.14,3.85,0.53,0.06
2026-03-06,1100,3.99,52.8,13,140.0,7,0.64,3.85,0.54,0.06
2026-03-06,1300,3.925,52.6,13,140.0,7,0.04,3.85,0.56,0.06
2026-03-06,1500,3.86,52.4,13,140.0,7,0.06,3.85,0.54,0.06
2026-03-06,1700,3.84,52.5,12,140.0,7,0.06,3.85,0.55,0.06
2026-03-06,1900,3.8,52.6,11,136.0,7,0.06,3.85,0.54,0.06
2026-03-06,2100,3.79,52.8,11,136.0,7,0.06,3.85,0.54,0.06
2026-03-06,2300,3.58,52.3,13,130.0,7,0.06,3.85,0.54,0.06
2026-03-07,100,4.26,49.9,17,170.0,7,0.1,3.84,0.51,0.06
2026-03-07,300,4.11,50.2,18,180.0,7,0.1,3.83,0.52,0.06
2026-03-07,500,4.01,50.1,15,150.0,7,0.12,3.83,0.52,0.06
2026-03-07,700,3.52,50.5,10,101.0,7,0.09,3.82,0.54,0.06
2026-03-07,900,3.72,50.5,9,89.0,7,0.09,3.64,0.54,0.06
2026-03-07,1100,3.96,50.5,10,101.0,7,0.09,3.82,0.54,0.06
2026-03-07,1300,3.91,50.4,10,101.0,7,0.09,3.82,0.54,0.06
2026-03-07,1500,3.69,50.1,10,100.0,7,0.07,3.83,0.52,0.06
2026-03-07,1700,3.7,50.4,10,100.0,7,0.07,3.83,0.52,0.06
2026-03-07,1900,3.73,50.4,10,100.0,7,0.07,3.82,0.52,0.06
2026-03-07,2100,3.77,50.3,12,114.0,7,0.07,3.82,0.52,0.06
2026-03-07,2300,3.86,49.9,19,190.0,7,0.08,3.83,0.51,0.06
2026-03-08,100,4.06,52.1,12,120.0,7,0.05,3.83,0.53,0.06
2026-03-08,300,4.0,52.2,13,130.0,7,0.1,3.83,0.54,0.06
2026-03-08,500,3.82,52.1,13,130.0,7,0.1,3.83,0.54,0.06
2026-03-08,700,3.96,49.9,15,150.0,7,0.11,3.83,0.52,0.06
2026-03-08,900,3.91,49.8,14,144.0,7,0.11,3.83,0.52,0.06
2026-03-08,1100,3.93,49.7,13,138.0,7,0.1,3.83,0.52,0.06
2026-03-08,1300,4.16,49.8,14,144.0,7,0.1,3.83,0.55,0.06
2026-03-08,1500,4.1,49.5,12,130.0,7,0.2,3.82,0.56,0.06
2026-03-08,1700,3.99,49.8,13,140.0,7,0.12,3.59,0.56,0.06
2026-03-08,1900,3.8,49.5,13,140.0,7,0.06,3.83,0.54,0.06
2026-03-08,2100,3.74,49.7,12,120.0,7,0.07,3.83,0.53,0.06
2026-03-08,2300,3.72,49.7,12,130.0,7,0.06,3.83,0.53,0.06
2026-03-09,100,5.19,51.7,22,234.0,7,0.04,3.82,0.54,0.06
2026-03-09,300,4.8,51.7,24,237.0,7,0.04,3.82,0.54,0.06
2026-03-09,500,4.49,51.7,25,242.0,7,0.04,3.56,0.54,0.06
2026-03-09,700,3.84,50.4,12,140.0,7,0.09,3.83,0.53,0.06
2026-03-09,900,4.0,50.3,12,140.0,7,0.09,3.83,0.53,0.06
2026-03-09,1100,4.3,50.4,11,140.0,7,0.09,3.83,0.54,0.06
2026-03-09,1300,4.58,50.4,12,140.0,7,0.09,3.81,0.54,0.06
2026-03-09,1500,4.59,50.6,11,110.0,7,0.04,3.63,0.56,0.06
2026-03-09,1700,4.75,50.6,14,140.0,7,0.04,3.58,0.56,0.06
2026-03-09,1900,5.09,50.7,15,150.0,7,0.04,3.65,0.55,0.06
2026-03-09,2100,5.1,50.6,16,160.0,7,0.04,3.71,0.55,0.06
2026-03-09,2300,5.11,51.9,20,200.0,7,0.04,3.71,0.55,0.06
2026-03-10,100,6.47,51.5,30,314.0,7,0.04,3.82,0.53,0.06
2026-03-10,300,6.5,51.5,28,272.0,7,0.04,3.82,0.53,0.06
2026-03-10,500,6.55,51.5,25,251.0,7,0.04,3.82,0.53,0.06
2026-03-10,700,5.09,50.7,26,250.0,7,0.04,3.67,0.55,0.06
2026-03-10,900,5.09,50.4,27,250.0,7,0.04,3.83,0.55,0.06
2026-03-10,1100,5.18,50.6,26,250.0,7,0.04,3.81,0.53,0.06
2026-03-10,1300,5.39,50.8,24,250.0,7,0.05,3.83,0.54,0.06
2026-03-10,1500,5.46,50.8,23,230.0,7,0.05,3.83,0.54,0.06
2026-03-10,1700,5.67,50.9,18,180.0,7,0.05,3.73,0.55,0.06
2026-03-10,1900,5.83,50.9,20,200.0,7,0.04,3.79,0.54,0.06
2026-03-10,2100,5.95,50.7,21,210.0,7,0.04,3.84,0.54,0.06
2026-03-10,2300,6.12,51,41,420.0,7,0.04,3.85,0.54,0.06
2026-03-11,100,5.07,53.5,14,132.0,7,0.05,3.82,0.56,0.06
2026-03-11,300,5.07,53.5,14,132.0,7,0.05,3.82,0.56,0.06
2026-03-11,500,5.08,53.5,12,117.0,7,0.05,3.82,0.56,0.06
2026-03-11,700,6.48,50.9,24,230.0,7,0.05,3.82,0.53,0.06
2026-03-11,900,6.27,50.4,28,280.0,7,0.05,3.84,0.53,0.06
2026-03-11,1100,6.03,50.8,29,288.0,7,0.05,3.8,0.53,0.06
2026-03-11,1300,5.85,50.2,18,226.0,7,0.05,3.76,0.53,0.06
2026-03-11,1500,5.77,49.7,18,226.0,7,0.05,3.74,0.56,0.06
2026-03-11,1700,5.51,48.8,16,160.0,7,0.05,3.66,0.56,0.06
2026-03-11,1900,5.26,54.1,16,160.0,7,0.05,3.58,0.56,0.06
2026-03-11,2100,5.14,53.9,17,170.0,7,0.05,3.7,0.56,0.06
2026-03-11,2300,5.07,53.7,15,142.0,7,0.05,3.7,0.56,0.06
2026-03-12,100,4.21,54,20,191.0,7,0.07,3.81,0.56,0.06
2026-03-12,300,4.15,54,18,181.0,7,0.07,2.4,0.56,0.06
2026-03-12,500,4.07,53.5,11,124.0,7,2.52,1.34,1.55,0.06
2026-03-12,700,5.11,53.2,12,120.0,7,0.05,3.71,0.56,0.06
2026-03-12,900,5.18,53.4,10,120.0,7,0.05,3.85,0.56,0.06
2026-03-12,1100,4.74,53.4,10,120.0,7,0.04,3.82,0.55,0.06
2026-03-12,1300,4.65,53.2,12,120.0,7,0.04,3.83,0.57,0.06
2026-03-12,1500,4.61,54.2,11,110.0,7,0.04,3.83,0.57,0.06
2026-03-12,1700,4.43,54.1,11,110.0,7,0.04,3.83,0.57,0.06
2026-03-12,1900,4.33,54.3,10,100.0,7,0.07,3.83,1.53,0.06
2026-03-12,2100,4.3,54.2,10,100.0,7,0.07,3.83,1.53,0.06
2026-03-12,2300,4.25,54,23,210.0,7,0.07,3.28,0.86,0.06
2026-03-13,100,3.93,54.2,8,80.0,7,0.08,3.8,0.59,0.05
2026-03-13,300,3.9,54,8,80.0,7,0.08,3.8,0.59,0.05
2026-03-13,500,3.88,54,8,80.0,7,0.08,3.8,0.59,0.05
2026-03-13,700,4.03,53.9,9,100.0,7,0.67,1.51,1.09,0.06
2026-03-13,900,4.05,54.2,9,100.0,7,0.19,1.84,0.67,0.06
2026-03-13,1100,4.07,54.4,9,100.0,7,0.19,2.29,0.58,0.06
2026-03-13,1300,3.954,54.7,9,100.0,7,0.18,2.49,0.57,0.06
2026-03-13,1500,3.93,54.4,15,180.0,7,0.08,2.85,0.6,0.06
2026-03-13,1700,3.95,54.3,10,100.0,7,0.12,3.35,0.6,0.05
2026-03-13,1900,3.97,54.4,8,80.0,7,0.06,3.47,0.6,0.05
2026-03-13,2100,3.97,54.6,7,70.0,7,0.06,3.63,0.6,0.05
2026-03-13,2300,3.95,54.6,8,80.0,7,0.06,3.82,0.59,0.05
2026-03-14,100,3.67,55,7,70.0,7,0.05,3.82,0.59,0.06
2026-03-14,300,3.67,55,6,62.0,7,0.05,3.82,0.59,0.06
2026-03-14,500,3.65,55,6,62.0,7,0.05,3.82,0.59,0.06
2026-03-14,700,3.86,54.2,8,80.0,7,0.09,3.85,0.59,0.06
2026-03-14,900,3.85,54.2,8,80.0,7,0.09,3.85,0.6,0.06
2026-03-14,1100,3.85,54.9,8,80.0,7,0.09,3.85,0.59,0.06
2026-03-14,1300,3.78,54.6,8,80.0,7,0.07,3.84,0.58,0.06
2026-03-14,1500,3.69,54.6,10,100.0,7,0.08,3.84,0.6,0.06
2026-03-14,1700,3.67,54.6,10,100.0,7,0.05,3.84,0.6,0.06
2026-03-14,1900,3.73,54.6,7,70.0,7,0.05,3.81,0.6,0.06
2026-03-14,2100,3.73,54.9,7,70.0,7,0.05,3.77,0.6,0.06
2026-03-14,2300,3.72,55,7,70.0,7,0.05,3.81,0.59,0.06
2026-03-15,100,3.55,50,7,72.0,7,0.08,3.82,0.61,0.06
2026-03-15,300,3.53,49.7,7,72.0,7,0.08,3.82,0.61,0.06
2026-03-15,500,3.5,49.6,7,72.0,7,0.08,3.82,0.61,0.06
2026-03-15,700,3.66,55.1,6,60.0,7,0.05,3.82,0.59,0.06
2026-03-15,900,3.64,55,6,60.0,7,0.08,3.84,0.59,0.06
2026-03-15,1100,3.57,55.4,8,86.0,7,0.07,3.83,0.59,0.06
2026-03-15,1300,3.54,55.3,8,86.0,7,0.09,3.83,0.59,0.06
2026-03-15,1500,3.83,50,7,70.0,7,0.08,3.83,0.61,0.06
2026-03-15,1700,3.77,50,7,70.0,7,0.09,3.83,0.63,0.06
2026-03-15,1900,3.8,50.2,6,60.0,7,0.06,3.82,0.62,0.06
2026-03-15,2100,3.85,50.3,6,60.0,7,0.06,3.82,0.62,0.06
2026-03-15,2300,3.56,50.2,6,60.0,7,0.06,3.82,0.61,0.06
2026-03-16,100,3.51,49.7,6,60.0,7,0.06,3.83,0.66,0.06
2026-03-16,300,3.51,49.5,6,60.0,7,0.06,3.83,0.65,0.06
2026-03-16,500,3.51,49.6,6,60.0,7,0.06,3.83,0.65,0.06
2026-03-16,700,3.5,49.7,6,60.0,7,0.09,3.82,0.61,0.06
2026-03-16,900,3.46,49.1,6,60.0,7,0.09,3.85,0.61,0.06
2026-03-16,1100,3.46,49.2,6,60.0,7,0.08,3.82,0.62,0.06
2026-03-16,1300,3.43,49,6,60.0,7,0.08,3.82,0.64,0.06
2026-03-16,1500,3.52,49.2,6,60.0,7,0.08,3.82,0.66,0.06
2026-03-16,1700,3.4,48.8,6,60.0,7,0.07,3.77,0.67,0.06
2026-03-16,1900,3.41,49.2,6,60.0,7,0.07,3.83,0.66,0.06
2026-03-16,2100,3.56,49,6,60.0,7,0.07,3.83,0.66,0.06
2026-03-16,2300,3.48,49.6,6,60.0,7,0.06,3.82,0.65,0.06
2026-03-17,100,3.38,49.6,6,60.0,7,0.04,3.83,0.64,0.06
2026-03-17,300,3.4,49.3,6,60.0,7,0.05,3.83,0.67,0.06
2026-03-17,500,3.42,49.5,6,60.0,7,0.06,3.83,0.67,0.06
2026-03-17,700,3.51,49.2,6,60.0,7,0.07,3.82,0.64,0.06
2026-03-17,900,3.55,49.8,6,60.0,7,0.07,3.77,0.64,0.06
2026-03-17,1100,3.48,49.9,6,60.0,7,0.07,3.83,0.65,0.06
2026-03-17,1300,3.41,49.6,6,60.0,7,0.07,3.83,0.81,0.06
2026-03-17,1500,3.43,49.4,6,60.0,7,0.07,3.82,0.74,0.06
2026-03-17,1700,3.45,49.3,6,60.0,7,0.04,3.72,0.74,0.06
2026-03-17,1900,3.4,49.3,6,60.0,7,0.04,3.77,0.71,0.06
2026-03-17,2100,3.39,49.1,6,60.0,7,0.04,3.81,0.69,0.06
2026-03-17,2300,3.39,49.4,6,60.0,7,0.04,3.83,0.68,0.06
2026-03-18,100,3.4,50.4,6,60.0,7,0.06,3.84,0.66,0.06
2026-03-18,300,3.38,50.7,6,60.0,7,0.05,3.84,0.67,0.06
2026-03-18,500,3.34,50.6,6,60.0,7,0.06,3.84,0.67,0.06
2026-03-18,700,3.38,50.3,6,60.0,7,0.05,3.83,0.65,0.06
2026-03-18,900,3.81,50.5,6,60.0,7,0.05,3.83,0.65,0.06
2026-03-18,1100,3.38,50.7,6,60.0,7,0.05,3.83,0.65,0.06
2026-03-18,1300,3.35,50.6,6,60.0,7,0.05,3.83,0.67,0.06
2026-03-18,1500,3.88,49.9,7,70.0,7,0.05,3.83,0.67,0.06
2026-03-18,1700,3.35,50.2,9,92.0,7,0.05,3.78,0.67,0.06
2026-03-18,1900,3.36,50.1,7,70.0,7,0.05,3.83,0.67,0.06
2026-03-18,2100,3.36,50.4,7,70.0,7,0.06,3.83,0.67,0.06
2026-03-18,2300,3.44,50.5,6,60.0,7,0.06,3.84,0.67,0.06
2026-03-19,100,4.2,52.1,30,306.0,7,0.07,3.84,0.68,0.06
2026-03-19,300,4.12,52.2,26,284.0,7,0.07,3.84,0.7,0.06
2026-03-19,500,3.98,52.2,26,284.0,7,0.07,3.84,0.7,0.06
2026-03-19,700,3.34,50.4,6,60.0,7,0.07,3.83,0.66,0.06
2026-03-19,900,3.84,50.3,6,60.0,7,0.1,3.78,0.67,0.06
2026-03-19,1100,4.02,51.8,6,60.0,7,0.06,3.84,0.66,0.06
2026-03-19,1300,4.09,51.7,6,60.0,7,0.06,3.84,0.66,0.06
2026-03-19,1500,4.43,52.3,7,74.0,7,0.06,3.84,0.69,0.06
2026-03-19,1700,4.49,52.4,8,78.0,7,0.06,3.84,0.7,0.06
2026-03-19,1900,4.51,51.9,22,231.0,7,0.07,3.84,0.71,0.06
2026-03-19,2100,4.54,51.8,22,231.0,7,0.07,3.84,0.71,0.06
2026-03-19,2300,4.52,51.8,24,246.0,7,0.07,3.84,0.71,0.06
2026-03-20,100,3.69,50.4,29,376.0,7,0.04,3.8,0.73,0.06
2026-03-20,300,3.57,50.4,24,236.0,7,0.04,3.81,0.7,0.06
2026-03-20,500,3.53,50.2,20,230.0,7,0.03,3.83,0.67,0.06
2026-03-20,700,3.89,50.6,17,182.0,7,0.06,3.85,0.69,0.06
2026-03-20,900,4.1,50.4,17,182.0,7,0.06,3.85,0.69,0.06
2026-03-20,1100,4.12,50.9,14,149.0,7,0.07,3.84,0.69,0.06
2026-03-20,1300,3.94,50.5,13,144.0,7,0.04,3.84,0.77,0.06
2026-03-20,1500,3.83,50.1,14,152.0,7,0.03,3.86,0.75,0.06
2026-03-20,1700,3.79,50.4,37,383.0,7,0.03,3.8,0.88,0.06
2026-03-20,1900,3.63,50.4,33,381.0,7,0.03,3.83,0.8,0.06
2026-03-20,2100,3.63,50.4,30,380.0,7,0.03,3.84,0.8,0.06
2026-03-20,2300,4.01,50.6,32,381.0,7,0.04,3.83,0.75,0.06
2026-03-21,100,3.58,50.4,19,190.0,7,0.03,3.83,0.68,0.05
2026-03-21,300,3.4,50.3,19,190.0,7,0.03,3.83,0.7,0.05
2026-03-21,500,3.4,50.2,18,184.0,7,0.03,3.83,0.7,0.05
2026-03-21,700,3.5,50.3,21,224.0,7,0.03,3.82,0.67,0.05
2026-03-21,900,3.51,50.1,22,231.0,7,0.04,3.82,0.67,0.05
2026-03-21,1100,4.02,51.1,21,224.0,7,0.04,3.83,0.67,0.05
2026-03-21,1300,3.81,50.8,21,224.0,7,0.03,3.83,0.68,0.05
2026-03-21,1500,3.59,50.2,19,198.0,7,0.03,3.83,0.68,0.05
2026-03-21,1700,3.44,50.3,18,198.0,7,0.03,3.83,0.69,0.05
2026-03-21,1900,3.41,50.2,19,198.0,7,0.04,3.73,0.7,0.05
2026-03-21,2100,3.37,50.4,20,211.0,7,0.03,3.78,0.7,0.05
2026-03-21,2300,3.35,50.2,20,211.0,7,0.03,3.83,0.7,0.05
2026-03-22,100,3.32,51.4,12,126.0,7,0.04,3.83,0.7,0.06
2026-03-22,300,3.31,51.6,12,126.0,7,0.04,3.83,0.69,0.06
2026-03-22,500,3.32,51.6,11,118.0,7,0.04,3.83,0.68,0.06
2026-03-22,700,3.41,50.8,12,135.0,7,0.04,3.84,0.67,0.05
2026-03-22,900,3.5,51.2,12,135.0,7,0.04,3.84,0.67,0.05
2026-03-22,1100,3.54,51.7,11,128.0,7,0.04,3.84,0.67,0.05
2026-03-22,1300,3.7,51.7,14,140.0,7,0.04,3.84,0.69,0.06
2026-03-22,1500,3.73,51.6,13,130.0,7,0.04,3.84,0.7,0.06
2026-03-22,1700,3.33,51,15,150.0,7,0.04,3.84,0.7,0.06
2026-03-22,1900,3.33,51.3,14,140.0,7,0.04,3.84,0.7,0.06
2026-03-22,2100,3.32,51.4,13,130.0,7,0.04,3.83,0.7,0.06
2026-03-22,2300,3.34,51.7,13,130.0,7,0.04,3.83,0.7,0.06
2026-03-23,100,3.46,51.2,8,87.0,7,0.03,3.82,0.72,0.05
2026-03-23,300,3.37,50.8,7,74.0,7,0.04,3.83,0.71,0.05
2026-03-23,500,3.3,50.8,7,74.0,7,0.04,3.83,0.71,0.05
2026-03-23,700,3.33,50.4,10,108.0,7,0.05,3.84,0.68,0.05
2026-03-23,900,3.31,50.8,9,97.0,7,0.05,3.73,0.7,0.05
2026-03-23,1100,3.3,50.8,9,97.0,7,0.04,3.7,0.76,0.05
2026-03-23,1300,3.73,50.6,8,84.0,7,0.03,3.81,0.74,0.05
2026-03-23,1500,3.68,50.7,8,84.0,7,0.03,3.83,0.73,0.05
2026-03-23,1700,3.36,50.6,8,84.0,7,0.03,3.81,0.72,0.05
2026-03-23,1900,3.38,51.3,8,84.0,7,0.03,3.83,0.72,0.05
2026-03-23,2100,3.34,51.2,9,96.0,7,0.03,3.83,0.72,0.05
2026-03-23,2300,3.28,51.3,8,87.0,7,0.03,3.82,0.72,0.05
2026-03-24,100,3.23,49.3,13,136.0,7,0.04,3.83,0.74,0.05
2026-03-24,300,3.23,49.5,11,125.0,7,0.04,3.83,0.73,0.05
2026-03-24,500,3.24,49.4,9,101.0,7,0.04,3.83,0.73,0.05
2026-03-24,700,3.27,51.2,7,74.0,7,0.04,3.83,0.71,0.05
2026-03-24,900,3.24,49.8,6,69.0,7,0.06,3.69,0.71,0.05
2026-03-24,1100,3.34,50,6,69.0,7,0.04,3.82,0.71,0.05
2026-03-24,1300,4.27,49.9,7,74.0,7,0.04,3.82,0.74,0.05
2026-03-24,1500,4.22,49.8,6,69.0,7,0.04,3.83,0.74,0.05
2026-03-24,1700,3.22,49.6,6,69.0,7,0.05,3.81,0.72,0.05
2026-03-24,1900,3.21,49.8,6,69.0,7,0.13,3.66,0.75,0.05
2026-03-24,2100,3.21,49.7,6,69.0,7,0.04,3.77,0.75,0.05
2026-03-24,2300,3.23,49.2,14,148.0,7,0.04,3.81,0.74,0.05
2026-03-25,100,3.19,50.6,12,128.0,7,0.05,3.83,0.74,0.05
2026-03-25,300,3.16,50.7,12,128.0,7,0.06,3.83,0.74,0.05
2026-03-25,500,3.16,50.4,11,114.0,7,0.06,3.83,0.74,0.05
2026-03-25,700,3.23,49.6,9,101.0,7,0.04,3.82,0.73,0.05
2026-03-25,900,3.2,49.4,10,117.0,7,0.05,3.72,0.73,0.05
2026-03-25,1100,3.36,49.4,10,117.0,7,0.04,3.67,0.73,0.05
2026-03-25,1300,3.38,51.2,11,122.0,7,0.04,3.7,0.75,0.05
2026-03-25,1500,3.4,51,13,140.0,7,0.04,3.83,0.75,0.05
2026-03-25,1700,3.46,51.3,11,120.0,7,0.04,3.84,0.76,0.05
2026-03-25,1900,3.11,51.2,12,128.0,7,0.05,3.84,0.76,0.05
2026-03-25,2100,3.18,51.2,12,128.0,7,0.05,3.84,0.75,0.05
2026-03-25,2300,3.17,50.7,12,128.0,7,0.05,3.83,0.75,0.05
2026-03-26,100,3.13,50.4,11,118.0,7,0.03,3.83,0.76,0.05
2026-03-26,300,3.14,50.4,11,118.0,7,0.04,3.83,0.75,0.05
2026-03-26,500,3.14,50.2,11,118.0,7,0.04,3.83,0.75,0.05
2026-03-26,700,3.17,49.9,11,114.0,7,0.06,3.83,0.74,0.05
2026-03-26,900,3.14,50.3,11,114.0,7,0.13,3.79,0.74,0.05
2026-03-26,1100,3.16,50.2,18,192.0,7,0.03,3.84,0.74,0.05
2026-03-26,1300,3.16,50.2,25,261.0,7,0.04,3.78,0.74,0.05
2026-03-26,1500,3.18,50.3,26,272.0,7,0.04,3.83,0.7,0.05
2026-03-26,1700,3.44,50.2,13,146.0,7,0.04,3.44,0.77,0.05
2026-03-26,1900,3.12,50.3,12,124.0,7,0.03,3.68,0.76,0.05
2026-03-26,2100,3.12,50.1,12,124.0,7,0.03,3.78,0.76,0.05
2026-03-26,2300,3.13,50.5,11,118.0,7,0.03,3.83,0.76,0.05
2026-03-27,100,3.1,49.8,10,114.0,7,0.04,3.83,0.16,0.06
2026-03-27,300,3.12,49.7,9,90.0,7,0.04,3.83,0.17,0.06
2026-03-27,500,3.12,49.9,9,90.0,7,0.04,3.83,0.17,0.06
2026-03-27,700,3.13,50.3,10,101.0,7,0.04,3.8,0.68,0.06
2026-03-27,900,3.09,50.3,11,118.0,7,0.04,3.8,0.26,0.06
2026-03-27,1100,3.06,50.4,12,121.0,7,0.04,3.8,0.16,0.06
2026-03-27,1300,4.26,50.5,15,125.0,7,0.04,3.8,0.16,0.06
2026-03-27,1500,4.42,50.3,11,120.0,7,0.04,3.83,0.17,0.06
2026-03-27,1700,3.97,50.4,10,118.0,7,0.04,3.77,0.2,0.06
2026-03-27,1900,3.84,50.2,11,120.0,7,0.04,3.83,0.19,0.06
2026-03-27,2100,3.81,50.3,11,120.0,7,0.04,3.83,0.19,0.06
2026-03-27,2300,3.09,49.9,11,118.0,7,0.04,3.83,0.18,0.06
2026-03-28,100,3.07,50.4,6,64.0,7,0.05,3.83,0.23,0.06
2026-03-28,300,3.08,50.1,6,66.0,7,0.05,3.83,0.23,0.06
2026-03-28,500,3.08,50.3,6,69.0,7,0.05,3.83,0.23,0.06
2026-03-28,700,3.11,50.4,9,90.0,7,0.04,3.8,0.17,0.06
2026-03-28,900,3.16,50.3,9,90.0,7,0.04,3.8,0.17,0.06
2026-03-28,1100,3.25,50.4,8,82.0,7,0.04,3.8,0.17,0.06
2026-03-28,1300,3.61,50.4,7,73.0,7,0.04,3.8,0.17,0.06
2026-03-28,1500,3.78,50.3,7,73.0,7,0.04,3.81,0.17,0.06
2026-03-28,1700,3.42,50.3,7,73.0,7,0.04,3.81,0.22,0.06
2026-03-28,1900,3.1,50.4,7,73.0,7,0.04,3.83,0.22,0.06
2026-03-28,2100,3.09,50.3,6,62.0,7,0.04,3.81,0.23,0.06
2026-03-28,2300,3.1,50.5,6,62.0,7,0.05,3.83,0.23,0.06
2026-03-29,100,3.23,50.3,7,72.0,7,0.04,3.82,0.28,0.06
2026-03-29,300,3.24,50.3,7,72.0,7,0.04,3.82,0.28,0.06
2026-03-29,500,3.37,50.3,9,94.0,7,0.04,3.82,0.28,0.06
2026-03-29,700,3.09,50.3,6,70.0,7,0.05,3.83,0.23,0.06
2026-03-29,900,3.05,50.1,6,70.0,7,0.06,3.83,0.23,0.06
2026-03-29,1100,3.03,50.1,6,70.0,7,0.05,3.83,0.23,0.06
2026-03-29,1300,3.05,50.2,6,70.0,7,0.06,3.83,0.27,0.06
2026-03-29,1500,3.04,50.9,5,64.0,7,0.06,3.69,0.27,0.06
2026-03-29,1700,3.1,50.3,6,70.0,7,0.06,3.84,0.28,0.06
2026-03-29,1900,3.12,50.2,6,70.0,7,0.06,3.83,0.28,0.06
2026-03-29,2100,3.09,50.3,6,70.0,7,0.04,3.83,0.28,0.06
2026-03-29,2300,3.23,50.3,7,79.0,7,0.04,3.82,0.28,0.06
2026-03-30,100,3.46,50.5,7,70.0,7,0.04,3.81,0.25,0.06
2026-03-30,300,3.52,50.5,7,70.0,7,0.04,3.81,0.25,0.06
2026-03-30,500,3.67,50.5,8,82.0,7,0.04,3.81,0.25,0.06
2026-03-30,700,3.34,50.1,9,90.0,7,0.04,3.84,0.26,0.06
2026-03-30,900,3.43,50.2,9,65.0,7,0.04,3.87,0.28,0.06
2026-03-30,1100,3.45,50.2,9,65.0,7,0.04,3.84,0.33,0.06
2026-03-30,1300,3.44,50.3,9,65.0,7,0.04,3.894,0.34,0.06
2026-03-30,1500,3.44,50.5,8,82.0,7,0.04,3.82,0.321,0.06
2026-03-30,1700,3.43,50.5,7,73.0,7,0.04,3.81,0.3,0.06
2026-03-30,1900,3.45,50.5,7,73.0,7,0.04,3.48,0.31,0.06
2026-03-30,2100,3.52,50.3,6,64.0,7,0.04,3.62,0.3,0.06
2026-03-30,2300,3.57,50.2,6,64.0,7,0.04,3.68,0.3,0.06
2026-03-31,100,3.72,51.4,14,142.0,7,0.04,3.82,0.25,0.06
2026-03-31,300,3.68,51,14,142.0,7,0.04,3.82,0.25,0.06
2026-03-31,500,3.56,50.7,13,131.0,7,0.04,3.81,0.23,0.06
2026-03-31,700,3.64,50.3,7,70.0,7,0.04,3.85,0.25,0.06
2026-03-31,900,3.6,50.5,9,90.0,7,0.04,3.8,0.25,0.06
2026-03-31,1100,3.8,50.5,9,90.0,7,0.04,3.84,0.24,0.06
2026-03-31,1300,3.81,50.2,11,116.0,7,0.04,3.84,0.24,0.06
2026-03-31,1500,3.81,50.2,14,140.0,7,0.04,3.83,0.27,0.06
2026-03-31,1700,3.64,50.3,15,150.0,7,0.04,3.84,0.27,0.06
2026-03-31,1900,3.62,50.4,16,160.0,7,0.04,3.72,0.26,0.06
2026-03-31,2100,3.8,50.3,14,140.0,7,0.04,3.84,0.27,0.06
2026-03-31,2300,3.82,52,14,142.0,7,0.04,3.84,0.26,0.06
